<?xml version="1.0" encoding="UTF-8"?>
<tomcat>
    <screenLog>on</screenLog>
    <logLevel>debug</logLevel>
    <logFile>/usersdev2/w7t/log/livraison-micro-service.log</logFile>
    <prd>w7t</prd>
    <occ>00</occ>
    <reflexName>calculwltp/d</reflexName>
    <aliasName>calculwltp</aliasName>
    <applicationsList>
        <application>
            <aliasName>engine-micro-service</aliasName>
            <url>calculwltp.dev.inetpsa.com:8081</url>
            <source>engine-micro-service-1.0.9-SNAPSHOT.war</source>
            <contextRoot>/calcul</contextRoot>
            <configuration>
                <jvmXmx>1024</jvmXmx>
                <jvmXms>512</jvmXms>
                <jvmClassPathList>
                    <jvmClassPath>/usersdev2/w7t/data/engine-micro-service/config</jvmClassPath>
                </jvmClassPathList>
                <jvmGenericArgumentList>
                    <jvmGenericArgument>-Xdebug -agentlib:jdwp=transport=dt_socket,address=1045,server=y,suspend=n -Dcom.sun.management.jmxremote.port=1044 -Dcom.sun.management.jmxremote.authenticate=false -Dcom.sun.management.jmxremote.ssl=false</jvmGenericArgument>
                </jvmGenericArgumentList>
            </configuration>
        </application>
    </applicationsList>
</tomcat>
