<?xml version="1.0" encoding="UTF-8"?>
<beans xmlns="http://www.springframework.org/schema/beans" xmlns:batch="http://www.springframework.org/schema/batch" xmlns:xsi="http://www.w3.org/2001/XMLSchema-instance"
    xmlns:context="http://www.springframework.org/schema/context" xmlns:seed="http://www.seedstack.org/xml-schemas/spring-support" xmlns:tx="http://www.springframework.org/schema/tx"
    xsi:schemaLocation="http://www.springframework.org/schema/batch http://www.springframework.org/schema/batch/spring-batch-3.0.xsd
        http://www.springframework.org/schema/context http://www.springframework.org/schema/context/spring-context-3.0.xsd
        http://www.springframework.org/schema/beans http://www.springframework.org/schema/beans/spring-beans-4.3.xsd
        http://www.seedstack.org/xml-schemas/spring-support http://www.seedstack.org/xml-schemas/spring-support/spring-support-1.2.xsd
        http://www.springframework.org/schema/tx http://www.springframework.org/schema/tx/spring-tx-3.2.xsd">

    <!-- **Start** CFG/MOT2 - WLTP JsonFile Request Job -->
    <bean id="cfgMot2RequestItemReader" scope="step" class="com.inetpsa.w7t.batch.clients.cfgmot2.request.CfgMot2JsonFileItemReader">
        <property name="Resource">
            <bean class="org.springframework.core.io.FileSystemResource">
                <constructor-arg type="java.lang.String" value="#{jobParameters[file_location]}" />
            </bean>
        </property>
        <property name="classToBound" value="com.inetpsa.w7t.batch.clients.cfgmot2.request.WltpJsonBatchObject" />
    </bean>

    <bean id="cfgMot2RequestItemProcessor" scope="step" class="com.inetpsa.w7t.batch.clients.cfgmot2.request.CfgMot2JsonFileItemProccessor">
        <property name="validator" ref="validator" />
    </bean>

    <bean id="validator" class="org.springframework.validation.beanvalidation.LocalValidatorFactoryBean" />

    <bean id="cfgMot2RequestItemWriter" scope="step" class="com.inetpsa.w7t.batch.clients.cfgmot2.request.CfgMot2JsonFileItemWriter">
        <property name="resource">
            <bean class="com.inetpsa.w7t.batch.clients.cfgmot2.response.CfgMot2JsonFileResource">
                <constructor-arg type="java.lang.String" value="#{jobParameters[out_file_location]}" />
                <constructor-arg type="java.lang.String" value="#{jobParameters[file_name]}" />
            </bean>
        </property>
        <property name="uniqueIdentifier" value="#{jobParameters[unique_identifier]}" />
        <property name="entityManagerFactory" ref="entityManagerFactoryBean" />
    </bean>
    
    <batch:job id="cfgMot2JsonFileRequestJob">
    
        <batch:step id="cfgMot2JsonFileRequestToDatabaseStep">
            <batch:tasklet transaction-manager="transactionManager">
                <batch:chunk reader="cfgMot2RequestItemReader" processor="cfgMot2RequestItemProcessor" writer="cfgMot2RequestItemWriter"
                    chunk-completion-policy="completionPolicy">
                </batch:chunk>
            </batch:tasklet>
            <batch:listeners>
                <batch:listener>
                    <bean scope="step" class="com.inetpsa.w7t.marketing.listener.MarketingStepListenerForFileMove">
                        <constructor-arg type="java.lang.String" value="#{jobParameters[file_location]}" />
                    </bean>
                </batch:listener>
            </batch:listeners>
        </batch:step>
    </batch:job>
    <!-- **End** CFG/MOT2 - WLTP JsonFile Request Job -->

    <!-- **Start** cfgMot2 answer preparation -->
    <batch:job id="cfgMot2JsonFileAnswerJob">
        <batch:step id="DatabaseToCfgMot2JsonFileAnswerStep">
            <batch:tasklet transaction-manager="transactionManager">
                <batch:chunk reader="cfgMot2DbJsonAnswerItemReader" processor="cfgMot2JsonAnswerItemProcessor" writer="cfgMot2RequestDatabaseItemWriter"
                    chunk-completion-policy="completionPolicy">
                </batch:chunk>
            </batch:tasklet>
             
        </batch:step>
    </batch:job>
    <bean id="cfgMot2DbJsonAnswerItemReader" class="org.springframework.batch.item.database.JdbcCursorItemReader" scope="step">
        <property name="dataSource" ref="dataSource" />
        <!-- <property name="sql" value="SELECT * FROM W7TQT_MarketingRequst mr,W7TQT_BcvNewtonRequest br WHERE mr.REQUEST_ID=br.REQUEST_ID and br.CLIENT='CONFIGMOT2' 
            and (br.STATUS='26' or br.STATUS='62' or br.STATUS='63');" /> -->
        <property name="sql"
            value="SELECT * from W7TQTMRT mrt WHERE mrt.CLIENT = 'CONFIGMOT2' AND mrt.RES_MAC_NAME='#{jobParameters['machineId']}' AND  mrt.ANSWER_GENERATED is NULL 
        and exists (select 1 from W7TQTMRQ mrq WHERE mrq.FILE_ID=mrt.FILE_ID and CLIENT = 'CONFIGMOT2' AND STATUS IN ('20') ) 
        ORDER BY CREATED_DATE DESC LIMIT 1;" />
        <property name="rowMapper">
            <bean class="com.inetpsa.w7t.batch.shared.MarketingRequestTrackerRowMapper" />
        </property>
    </bean>
    <bean id="cfgMot2JsonAnswerItemProcessor" class="com.inetpsa.w7t.batch.clients.cfgmot2.response.CfgMot2JsonAnswerItemProcessor" />

    <bean id="cfgMot2RequestDatabaseItemWriter" class="org.springframework.batch.item.support.CompositeItemWriter" scope="step">
        <property name="delegates">
            <list>
                <ref bean="cfgMot2JsonAnswerItemWriter" />
                <!-- <ref bean="cfgMot2RequestStatusUpdate" /> -->
            </list>
        </property>
    </bean>

    <bean id="cfgMot2JsonAnswerItemWriter" class="com.inetpsa.w7t.batch.clients.cfgmot2.response.CfgMot2JsonAnswerItemWriter" scope="step">
        <property name="resource">
            <bean class="com.inetpsa.w7t.batch.clients.cfgmot2.response.CfgMot2JsonFileResource">
                <constructor-arg type="java.lang.String" value="#{jobParameters[file_location]}" />
                <constructor-arg type="java.lang.String" value="#{jobParameters[file_name]}" />
            </bean>
        </property>
    </bean>

    <!-- <bean id="cfgMot2RequestStatusUpdate" class="com.inetpsa.w7t.batch.clients.cfgmot2.response.CfgMot2RequestStatusUpdateWriter"> <property name="entityManagerFactory" 
        ref= "entityManagerFactoryBean"/> </bean> -->

    <bean id="completionPolicy" class="org.springframework.batch.repeat.policy.DefaultResultCompletionPolicy" />
    <!-- **End** cfgMot2 answer preparation -->

</beans>