<?xml version="1.0" encoding="UTF-8"?>
<beans xmlns="http://www.springframework.org/schema/beans"
    xmlns:batch="http://www.springframework.org/schema/batch" 
    xmlns:xsi="http://www.w3.org/2001/XMLSchema-instance"
    xmlns:context="http://www.springframework.org/schema/context"
    xmlns:seed="http://www.seedstack.org/xml-schemas/spring-support"
    xmlns:tx="http://www.springframework.org/schema/tx"
    xsi:schemaLocation="http://www.springframework.org/schema/batch http://www.springframework.org/schema/batch/spring-batch-3.0.xsd
        http://www.springframework.org/schema/context http://www.springframework.org/schema/context/spring-context-3.0.xsd
        http://www.springframework.org/schema/beans http://www.springframework.org/schema/beans/spring-beans-4.3.xsd
        http://www.seedstack.org/xml-schemas/spring-support http://www.seedstack.org/xml-schemas/spring-support/spring-support-1.2.xsd
        http://www.springframework.org/schema/tx http://www.springframework.org/schema/tx/spring-tx-3.2.xsd">

     <batch:job id="cpdsJob">
        <batch:step id="cpdsReadWrite">
        <batch:tasklet>
            <batch:chunk reader="cpdsItemReader" processor="cpdsItemProcessor" writer="cpdsItemWriter" chunk-completion-policy="completionPolicy" />
        </batch:tasklet>
         <batch:listeners>
            <batch:listener>
                <bean scope="step" class="com.inetpsa.w7t.marketing.listener.MarketingStepListenerForFileMove">
                    <constructor-arg type="java.lang.String" value="#{jobParameters[file_location]}"/>
                </bean>
            </batch:listener>
        </batch:listeners>
    </batch:step>
    </batch:job>
    
     <bean id="cpdsLoadTaskExecutor" class="org.springframework.core.task.SimpleAsyncTaskExecutor" />
    
    <bean id="cpdsItemReader" scope="step" class="org.springframework.batch.item.file.FlatFileItemReader">
        <property name="Resource">
            <bean class="org.springframework.core.io.FileSystemResource">
                <constructor-arg type="java.lang.String" value="#{jobParameters[file_location]}" />
            </bean>
        </property>
        <property name="encoding" value="UTF-8" />
        <property name="strict" value="false" />
        <property name="lineMapper">
            <bean class="org.springframework.batch.item.file.mapping.DefaultLineMapper">
                <property name="lineTokenizer">
                    <bean class="org.springframework.batch.item.file.transform.FixedLengthTokenizer">
                        <property name="strict" value="false" />
                        <property name="names"
                            value="requestId,requestDate,requestType,ecomDate,vehicleMass,vehicleSCx,vehicleCRR,country,version16,color_Ext_Int,extAttribute,filler" />
                        <property name="columns" value="1-20, 21-39, 40-45, 46-55, 56-63, 64-71, 72-79, 80-81, 82-97,98-105, 106-3605,3606-3700" />
                    </bean>
                </property>
                <property name="fieldSetMapper">
                    <bean class="com.inetpsa.w7t.batch.clients.cpds.request.CpdsFieldSetMapper">
                    <property name="fileId" value= "#{stepExecutionContext['FILE_ID']}"/>
                    <property name="uniqueIdentifier" value= "#{stepExecutionContext['UNIQUE_IDENTIFIER']}"/>
                    <property name="fsFlagFileName" value="#{stepExecutionContext['FS_FLAG_FILE_NAME']}" />
                   </bean>
                </property>
            </bean>
        </property>
    </bean>
    <bean id="cpdsItemProcessor" class="com.inetpsa.w7t.batch.clients.cpds.request.CpdsItemProcessor" />
    <bean id="cpdsItemWriter" scope="step" class="com.inetpsa.w7t.batch.clients.cpds.request.CpdsItemWriter">
        <property name="resource">
            <bean class="com.inetpsa.w7t.batch.clients.cpds.response.CpdsFileResource">
                <constructor-arg type="java.lang.String" value="#{jobParameters[out_file_location]}"/>
                <constructor-arg type="java.lang.String" value="#{jobParameters[file_name]}"/>
            </bean> 
        </property>
        <property name="uniqueIdentifier" value="#{jobParameters[unique_identifier]}" />
        <property name="fsFlagFileName" value="#{jobParameters[fs_flag_file_name]}" />
         <property name="entityManagerFactory" ref="entityManagerFactoryBean" />
    </bean>
    
    </beans>