<?xml version="1.0" encoding="UTF-8"?>
<beans xmlns="http://www.springframework.org/schema/beans" xmlns:batch="http://www.springframework.org/schema/batch" xmlns:xsi="http://www.w3.org/2001/XMLSchema-instance"
    xmlns:context="http://www.springframework.org/schema/context" xmlns:seed="http://www.seedstack.org/xml-schemas/spring-support" xmlns:tx="http://www.springframework.org/schema/tx"
    xsi:schemaLocation="http://www.springframework.org/schema/batch http://www.springframework.org/schema/batch/spring-batch-3.0.xsd
        http://www.springframework.org/schema/context http://www.springframework.org/schema/context/spring-context-3.0.xsd
        http://www.springframework.org/schema/beans http://www.springframework.org/schema/beans/spring-beans-4.3.xsd
        http://www.seedstack.org/xml-schemas/spring-support http://www.seedstack.org/xml-schemas/spring-support/spring-support-1.2.xsd
        http://www.springframework.org/schema/tx http://www.springframework.org/schema/tx/spring-tx-3.2.xsd">

    <!--Starts Cronos Request Job Starts -->
    <!-- <batch:job id="cronosJob"> <batch:step id="cronosReadWrite"> <batch:tasklet transaction-manager="transactionManager"> <batch:chunk reader="cronosItemReader" 
        processor="cronosItemProcessor" writer="cronosItemWriter" chunk-completion-policy="completionPolicy" /> </batch:tasklet> <batch:listeners> <batch:listener> 
        <bean scope="step" class="com.inetpsa.w7t.listener.StepListenerForFileMove"> <constructor-arg type="java.lang.String" value="#{jobParameters[file_location]}"/> 
        </bean> </batch:listener> </batch:listeners> </batch:step> </batch:job> -->



    <!-- cronos partitioner job Starts Here -->
    <batch:job id="cronosJob">
    
        <batch:step id="cronosPartitionedLoadStep">
            <batch:partition step="cronosReadWrite" partitioner="cronosFilePartitioner">
                <batch:handler grid-size="3" task-executor="cronosLoadTaskExecutor" />
            </batch:partition>
        </batch:step>
    </batch:job>

    <batch:step id="cronosReadWrite">
        <batch:tasklet transaction-manager="transactionManager">
            <batch:chunk reader="cronosItemReader" processor="cronosItemProcessor" writer="cronosItemWriter" chunk-completion-policy="completionPolicy" />
        </batch:tasklet>
        <batch:listeners>
            <batch:listener>
                <bean scope="step" class="com.inetpsa.w7t.marketing.listener.MarketingStepListenerForFileMove">
                    <constructor-arg type="java.lang.String" value="#{jobParameters[file_location]}" />
                </bean>
            </batch:listener>
        </batch:listeners>
    </batch:step>

    <bean id="cronosLoadTaskExecutor" class="org.springframework.core.task.SimpleAsyncTaskExecutor" />

    <bean id="cronosFilePartitioner" class="com.inetpsa.w7t.batch.util.MultiFileResourcePartitioner" scope="step">
        <constructor-arg type="java.lang.String" value="#{jobParameters[file_location]}" />
        <constructor-arg type="java.lang.Long" value="#{jobParameters[NO_RECORDS_PER_FILE]}" />
        <constructor-arg type="java.lang.String" value="#{jobParameters[client_name]}" />
        <constructor-arg type="java.lang.String" value="#{jobParameters[unique_identifier]}" />
        <constructor-arg type="java.lang.String" value="#{jobParameters[fs_flag_file_name]}" />
    </bean>

    <!-- cronos partitioner job Ends Here -->


    <bean id="cronosItemReader" scope="step" class="org.springframework.batch.item.file.FlatFileItemReader">
        <property name="Resource">
            <bean class="org.springframework.core.io.FileSystemResource">
                <constructor-arg type="java.lang.String" value="#{jobParameters[file_location]}" />
            </bean>
        </property>
        <property name="encoding" value="UTF-8" />
        <property name="strict" value="false" />
        <property name="lineMapper">
            <bean class="org.springframework.batch.item.file.mapping.DefaultLineMapper">
                <property name="lineTokenizer">
                    <bean class="org.springframework.batch.item.file.transform.FixedLengthTokenizer">
                        <property name="strict" value="false" />
                        <property name="names"
                            value="movementCode,prd,lotNumber,lineNumber,brand,country,version,habillage_Ext,habillage_Int,options7c,gestion,extensionDate,filler" />
                        <property name="columns" value="1-4, 5-7, 8-12, 13-24, 25-26, 27-28, 29-44, 45-48, 49-52,53-332, 333-682,683-690,691-787" />
                    </bean>
                </property>
                <property name="fieldSetMapper">
                    <bean class="com.inetpsa.w7t.batch.clients.aogeos.request.CronosFieldSetMapper">
                        <property name="fileId" value="#{stepExecutionContext['FILE_ID']}" />
                        <property name="uniqueIdentifier" value="#{stepExecutionContext['UNIQUE_IDENTIFIER']}" />
                        <property name="fsFlagFileName" value="#{stepExecutionContext['FS_FLAG_FILE_NAME']}" />
                    </bean>
                </property>
            </bean>
        </property>
    </bean>
    <bean id="cronosItemProcessor" class="com.inetpsa.w7t.batch.clients.aogeos.request.CronosItemProcessor" />
    <bean id="cronosItemWriter" scope="step" class="com.inetpsa.w7t.batch.clients.cronos.response.CronosItemWriter">
        <property name="resource">
            <bean class="com.inetpsa.w7t.batch.clients.cronos.response.CronosFlatFileResource">
                <constructor-arg type="java.lang.String" value="#{jobParameters[out_file_location]}" />
                <constructor-arg type="java.lang.String" value="#{jobParameters[file_name]}" />
            </bean>
        </property>
        <property name="entityManagerFactory" ref="entityManagerFactoryBean" />
    </bean>
    <!--ENDS Cronos Request Job Starts -->
    <!--Starts Cronos Answer batch -->
    <batch:job id="cronosDatabaseToFlatFileJob">
        <batch:step id="cronosreadDatabaseWriteFlatFile">
            <batch:tasklet transaction-manager="transactionManager">
                <batch:chunk reader="cronosDatabaseItemReader" processor="cronosDatabaseItemProcessor" writer="cronosOutFlatFileItemWriter"
                    chunk-completion-policy="completionPolicy">
                </batch:chunk>
            </batch:tasklet>
             
        </batch:step>
    </batch:job>

    <bean id="cronosDatabaseItemReader" class="org.springframework.batch.item.database.JdbcCursorItemReader" scope="step">
        <property name="dataSource" ref="dataSource" />
        <property name="sql"
            value="SELECT * from W7TQTMRT mrt WHERE mrt.CLIENT = 'CRONOS' AND mrt.RES_MAC_NAME='#{jobParameters['machineId']}' AND  mrt.ANSWER_GENERATED is NULL 
        and exists (select 1 from W7TQTMRQ mrq WHERE mrq.FILE_ID=mrt.FILE_ID and CLIENT = 'CRONOS' AND STATUS IN ('20') ) 
        ORDER BY CREATED_DATE DESC LIMIT 1;" />
        <property name="rowMapper">
            <!-- <bean class="com.inetpsa.w7t.batch.clients.aogeos.response.AoCronoEliadeResponseRowMapper" /> -->
            <bean class="com.inetpsa.w7t.batch.shared.MarketingRequestTrackerRowMapper" />
        </property>
    </bean>
    <bean id="cronosDatabaseItemProcessor" class="com.inetpsa.w7t.batch.clients.aogeos.response.AoCronoEliadeResponseDBItemProcessor" />
    <bean id="cronosOutFlatFileItemWriter" class="org.springframework.batch.item.support.CompositeItemWriter">
        <property name="delegates">
            <list>
                <ref bean="cronosRequestFileItemWriter" />
                <!-- <ref bean="cronosRequestStatusUpdate" /> -->
            </list>
        </property>
    </bean>
    <bean id="cronosRequestFileItemWriter" class="com.inetpsa.w7t.batch.clients.cronos.response.CronosFlatFileWriter" scope="step">
        <property name="resource">
            <bean class="com.inetpsa.w7t.batch.clients.cronos.response.CronosFlatFileResource">
                <constructor-arg type="java.lang.String" value="#{jobParameters[file_location]}" />
                <constructor-arg type="java.lang.String" value="#{jobParameters[file_name]}" />
            </bean>
        </property>
    </bean>
    <!-- <bean id="cronosRequestStatusUpdate" class="com.inetpsa.w7t.batch.clients.aogeos.response.AoCronoEliadeRequestStatusUpdateWriter"> <property name="entityManagerFactory" 
        ref="entityManagerFactoryBean" /> </bean> -->
    <!-- **End** Cronos Answer Processor -->

</beans>