<?xml version="1.0" encoding="UTF-8"?>
<beans xmlns="http://www.springframework.org/schema/beans" xmlns:batch="http://www.springframework.org/schema/batch" xmlns:xsi="http://www.w3.org/2001/XMLSchema-instance"
    xmlns:context="http://www.springframework.org/schema/context" xmlns:seed="http://www.seedstack.org/xml-schemas/spring-support" xmlns:tx="http://www.springframework.org/schema/tx"
    xsi:schemaLocation="http://www.springframework.org/schema/batch http://www.springframework.org/schema/batch/spring-batch-3.0.xsd
        http://www.springframework.org/schema/context http://www.springframework.org/schema/context/spring-context-3.0.xsd
        http://www.springframework.org/schema/beans http://www.springframework.org/schema/beans/spring-beans-4.3.xsd
        http://www.seedstack.org/xml-schemas/spring-support http://www.seedstack.org/xml-schemas/spring-support/spring-support-1.2.xsd
        http://www.springframework.org/schema/tx http://www.springframework.org/schema/tx/spring-tx-3.2.xsd">
    <!--Starts EliadeJob Starts -->


    <!-- <batch:job id="eliadeJob1"> -->
    <!-- <batch:step id="eliadeReadWrite"> -->
    <!-- <batch:tasklet transaction-manager="transactionManager"> -->
    <!-- <batch:chunk reader="eliadeItemReader" processor="eliadeItemProcessor" writer="eliadeItemWriter" chunk-completion-policy="completionPolicy" /> -->
    <!-- </batch:tasklet> -->
    <!-- <batch:listeners> -->
    <!-- <batch:listener> -->
    <!-- <bean scope="step" class="com.inetpsa.w7t.listener.StepListenerForFileMove"> -->
    <!-- <constructor-arg type="java.lang.String" value="#{jobParameters[file_location]}"/> -->
    <!-- </bean> -->
    <!-- </batch:listener> -->
    <!-- </batch:listeners> -->
    <!-- </batch:step> -->

    <!-- <batch:step id="splitFile"> -->
    <!-- <batch:tasklet> -->
    <!-- <bean id="fileSplittingTasklet" scope="step" class="com.inetpsa.w7t.batch.util.FileSplittingTasklet"> -->
    <!-- <constructor-arg type="java.lang.String" value="#{jobParameters[file_location]}"/> -->
    <!-- </bean> -->
    <!-- </batch:tasklet> -->
    <!-- </batch:step> -->
    <!-- </batch:job> -->

    <batch:job id="eliadeJob">
        <batch:step id="eliadePartitionedLoadStep">
            <batch:partition step="eliadeReadWrite" partitioner="eliadeFilePartitioner">
                <batch:handler grid-size="10" task-executor="eliadeLoadTaskExecutor" />
            </batch:partition>
        </batch:step>
    </batch:job>

    <batch:step id="eliadeReadWrite">
        <batch:tasklet transaction-manager="transactionManager">
            <batch:chunk reader="eliadeItemReader" processor="eliadeItemProcessor" writer="eliadeItemWriter" chunk-completion-policy="completionPolicy" />
        </batch:tasklet>
        <batch:listeners>
            <batch:listener>
                <bean scope="step" class="com.inetpsa.w7t.marketing.listener.MarketingStepListenerForFileMove">
                    <constructor-arg type="java.lang.String" value="#{jobParameters[file_location]}" />
                </bean>
            </batch:listener>
        </batch:listeners>
    </batch:step>

    <bean id="eliadeLoadTaskExecutor" class="org.springframework.core.task.SimpleAsyncTaskExecutor" />

    <bean id="eliadeFilePartitioner" class="com.inetpsa.w7t.batch.util.MultiFileResourcePartitioner" scope="step">
        <constructor-arg type="java.lang.String" value="#{jobParameters[file_location]}" />
        <constructor-arg type="java.lang.Long" value="#{jobParameters[NO_RECORDS_PER_FILE]}" />
        <constructor-arg type="java.lang.String" value="#{jobParameters[client_name]}" />
        <constructor-arg type="java.lang.String" value="#{jobParameters[unique_identifier]}" />
        <constructor-arg type="java.lang.String" value="#{jobParameters[fs_flag_file_name]}" />
    </bean>

    <bean id="eliadeItemReader" scope="step" class="org.springframework.batch.item.file.FlatFileItemReader">
        <property name="Resource">
            <bean class="org.springframework.core.io.FileSystemResource">
                <constructor-arg type="java.lang.String" value="#{stepExecutionContext['fileResource']}" />
                <!-- <constructor-arg type="java.lang.String" value="#{jobParameters[file_location]}" /> -->
            </bean>
        </property>
        <property name="encoding" value="UTF-8" />
        <property name="strict" value="false" />
        <property name="lineMapper">
            <bean class="org.springframework.batch.item.file.mapping.DefaultLineMapper">
                <property name="lineTokenizer">
                    <bean class="org.springframework.batch.item.file.transform.FixedLengthTokenizer">
                        <property name="strict" value="false" />
                        <property name="names"
                            value="movementCode,prd,lotNumber,lineNumber,brand,country,version,habillage_Ext,habillage_Int,options7c,gestion,extensionDate,filler" />
                        <property name="columns" value="1-4, 5-7, 8-12, 13-24, 25-26, 27-28, 29-44, 45-48, 49-52,53-332, 333-682,683-690,691-787" />
                    </bean>
                </property>
                <property name="fieldSetMapper">
                    <bean class="com.inetpsa.w7t.batch.clients.aogeos.request.EliadeFieldSetMapper">
                        <property name="fileId" value="#{stepExecutionContext['FILE_ID']}" />
                        <property name="uniqueIdentifier" value="#{stepExecutionContext['UNIQUE_IDENTIFIER']}" />
                        <property name="fsFlagFileName" value="#{stepExecutionContext['FS_FLAG_FILE_NAME']}" />
                    </bean>
                </property>
            </bean>
        </property>
    </bean>
    <bean id="eliadeItemProcessor" class="com.inetpsa.w7t.batch.clients.aogeos.request.EliadeItemProcessor" />
    <bean id="eliadeItemWriter" scope="step" class="com.inetpsa.w7t.batch.clients.eliade.response.EliadeItemWriter">
        <property name="resource">
            <bean class="com.inetpsa.w7t.batch.clients.eliade.response.EliadeFlatFileResource">
                <constructor-arg type="java.lang.String" value="#{jobParameters[out_file_location]}" />
                <constructor-arg type="java.lang.String" value="#{jobParameters[file_name]}" />
            </bean>
        </property>
        <property name="entityManagerFactory" ref="entityManagerFactoryBean" />
    </bean>
     <!--END Eliade Answer batch -->
    <!--if all the requests in the file are rejected, then writing job START-->
     <batch:job id="eliadeRejectedFileWriterJob">
        <batch:step id="createEliadeRejectedAnswerFile">
            <batch:tasklet>
                <batch:chunk reader="eliadeRejectedFileReader" processor="eliadeRejectedFileAnswerProcessor" writer="eliadeRejectedFileAnswerCompositeWriter"
                    chunk-completion-policy="completionPolicy" />
            </batch:tasklet>
        </batch:step>
    </batch:job>

    <bean id="eliadeRejectedFileReader" class="org.springframework.batch.item.database.JdbcCursorItemReader" scope="step">
        <property name="dataSource" ref="dataSource" />
        <property name="sql">
            <value>
                <![CDATA[
                    SELECT * from W7TQTMRT mrt WHERE mrt.CLIENT = 'ELIADE' AND  mrt.ANSWER_GENERATED is NULL 
        AND mrt.MRQ_COUNT = (SELECT count(*) FROM W7TQTMRQ WHERE STATUS ='60' AND FILE_ID = mrt.FILE_ID) ORDER BY CREATED_DATE DESC LIMIT 1;                ]]>
            </value>
        </property>
        <property name="rowMapper">
            <bean class="com.inetpsa.w7t.batch.clients.eliade.response.EliadeAnswerRowMapper" >
            </bean>
        </property>
    </bean>

    <bean id="eliadeRejectedFileAnswerProcessor" class="com.inetpsa.w7t.batch.clients.eliade.response.EliadeRejectedFileAnswerItemProcessor" />

    <bean id="eliadeRejectedFileAnswerCompositeWriter" class="org.springframework.batch.item.support.CompositeItemWriter">
        <property name="delegates">
            <list>
                <ref bean="eliadeRejectedAnswerFileWriter" />
            </list>
        </property>
    </bean>

    <bean id="eliadeRejectedAnswerFileWriter" class="com.inetpsa.w7t.batch.clients.eliade.response.EliadeRejectedAnswerFileWriter" scope="step">
        <property name="resource">
            <bean class="com.inetpsa.w7t.batch.clients.eliade.response.EliadeFlatFileResource">
                <constructor-arg type="java.lang.String" value="#{jobParameters[file_location]}" />
                <constructor-arg type="java.lang.String" value="#{jobParameters[file_name]}" />
            </bean>
        </property>

    </bean>
    <!--if all the requests in the file are rejected, then writing job END-->
   
    <!--Starts Eliade Answer batch -->
    <!-- partitioner job -->
    <!-- <batch:job id="eliadeDatabaseToFlatFileJob"> master step, 10 threads (grid-size) <batch:step id="masterStep"> <batch:partition step="slave" partitioner="rangePartitioner"> 
        <batch:handler grid-size="1000" task-executor="taskExecutor" /> </batch:partition> </batch:step> </batch:job> each thread will run this job, with different 
        stepExecutionContext values. <batch:step id="slave"> <batch:tasklet transaction-manager="transactionManager"> <batch:chunk reader="pagingItemReader" writer="flatFileItemWriter" 
        processor="itemProcessor" commit-interval="1" /> <batch:chunk reader="eliadeDatabaseItemReader" processor="eliadeDatabaseItemProcessor" writer="eliadeOutFlatFileItemWriter" 
        chunk-completion-policy="completionPolicy" > </batch:chunk> </batch:tasklet> </batch:step> <bean id="rangePartitioner" class="com.inetpsa.w7t.batch.partition.RangePartitionerForEliade" 
        /> <bean id="taskExecutor" class="org.springframework.core.task.SimpleAsyncTaskExecutor" /> <bean id="eliadeDatabaseItemReader" class="org.springframework.batch.item.database.JdbcPagingItemReader" 
        scope="step"> <property name="dataSource" ref="dataSource" /> <property name="queryProvider"> <bean class="org.springframework.batch.item.database.support.SqlPagingQueryProviderFactoryBean"> 
        <property name="dataSource" ref="dataSource" /> <property name="selectClause" value="SELECT ID,FILE_ID, CLIENT, MRQ_COUNT, BRQ_COUNT,ANSWER_GENERATED" 
        /> <property name="fromClause" value="FROM W7TQTDMT" /> <property name="whereClause" value="WHERE ID >= :fromId and ID &lt;= :toId" /> <property name="sortKey" 
        value="ID" /> </bean> </property> Inject via the ExecutionContext in rangePartitioner <property name="parameterValues"> <map> <entry key="fromId" value="#{stepExecutionContext[fromId]}" 
        /> <entry key="toId" value="#{stepExecutionContext[toId]}" /> </map> </property> <property name="pageSize" value="10" /> <property name="rowMapper"> <bean 
        class="com.inetpsa.w7t.batch.shared.MarketingRequestTrackerRowMapper" /> </property> </bean> -->


    <batch:job id="eliadeDatabaseToFlatFileJob">
        <batch:step id="eliadereadDatabaseWriteFlatFile">
            <batch:tasklet transaction-manager="transactionManager">
                <batch:chunk reader="eliadeDatabaseItemReader" processor="eliadeDatabaseItemProcessor" writer="eliadeOutFlatFileItemWriter"
                    chunk-completion-policy="completionPolicy">
                </batch:chunk>
            </batch:tasklet>
        </batch:step>
    </batch:job>
    <bean id="eliadeDatabaseItemReader" class="org.springframework.batch.item.database.JdbcCursorItemReader" scope="step">
        <property name="dataSource" ref="dataSource" />
        <property name="sql"
            value="SELECT * from W7TQTMRT mrt WHERE mrt.CLIENT = 'ELIADE' AND mrt.RES_MAC_NAME='#{jobParameters['machineId']}' AND  mrt.ANSWER_GENERATED is NULL 
        and exists (select 1 from W7TQTMRQ mrq WHERE mrq.FILE_ID=mrt.FILE_ID and CLIENT = 'ELIADE' AND STATUS IN ('20') ) 
        ORDER BY CREATED_DATE DESC LIMIT 1;" />
        <property name="rowMapper">
            <bean class="com.inetpsa.w7t.batch.shared.MarketingRequestTrackerRowMapper" />
        </property>
    </bean>
    <bean id="eliadeDatabaseItemProcessor" class="com.inetpsa.w7t.batch.clients.aogeos.response.AoCronoEliadeResponseDBItemProcessor" />
    <bean id="eliadeOutFlatFileItemWriter" class="org.springframework.batch.item.support.CompositeItemWriter">
        <property name="delegates">
            <list>
                <ref bean="eliadeRequestFileItemWriter" />
                <!-- <ref bean="eliadeRequestStatusUpdate" /> -->
            </list>
        </property>
    </bean>
    <bean id="eliadeRequestFileItemWriter" class="com.inetpsa.w7t.batch.clients.eliade.response.EliadeFlatFileWriter" scope="step">
        <property name="resource">
            <bean class="com.inetpsa.w7t.batch.clients.eliade.response.EliadeFlatFileResource">
                <constructor-arg type="java.lang.String" value="#{jobParameters[file_location]}" />
                <constructor-arg type="java.lang.String" value="#{jobParameters[file_name]}" />
            </bean>
        </property>
    </bean>
    <bean id="eliadeRequestStatusUpdate" class="com.inetpsa.w7t.batch.clients.aogeos.response.AoCronoEliadeRequestStatusUpdateWriter">
        <property name="entityManagerFactory" ref="entityManagerFactoryBean" />
    </bean>
    <!-- **End** Eliade Answer Processor -->
</beans>