<?xml version="1.0" encoding="UTF-8"?>
<beans xmlns="http://www.springframework.org/schema/beans" xmlns:batch="http://www.springframework.org/schema/batch" xmlns:xsi="http://www.w3.org/2001/XMLSchema-instance"
    xmlns:context="http://www.springframework.org/schema/context" xmlns:seed="http://www.seedstack.org/xml-schemas/spring-support" xmlns:tx="http://www.springframework.org/schema/tx"
    xsi:schemaLocation="http://www.springframework.org/schema/batch http://www.springframework.org/schema/batch/spring-batch-3.0.xsd
        http://www.springframework.org/schema/context http://www.springframework.org/schema/context/spring-context-3.0.xsd
        http://www.springframework.org/schema/beans http://www.springframework.org/schema/beans/spring-beans-4.3.xsd
        http://www.seedstack.org/xml-schemas/spring-support http://www.seedstack.org/xml-schemas/spring-support/spring-support-1.2.xsd
        http://www.springframework.org/schema/tx http://www.springframework.org/schema/tx/spring-tx-3.2.xsd">


    <batch:job id="toyotaRequestXMLFileToDatabaseJob">
        <batch:step id="readRootTagElement" next="readEachrequestItem">
            <batch:tasklet start-limit="1" transaction-manager="transactionManager">
                <batch:chunk reader="toyotaParentXmlItemReader" writer="toyotaParentDatabaseCheckValueItemWriter" chunk-completion-policy="completionPolicy" />
            </batch:tasklet>
            <batch:listeners>
                <batch:listener ref="promotionListener" />
            </batch:listeners>
        </batch:step>
        <batch:step id="readEachrequestItem">
            <batch:tasklet>
                <batch:chunk reader="toyotaRequestItemReader" writer="toyotaRequestItemWriter" processor="toyotaRequestItemProcessor"
                    chunk-completion-policy="completionPolicy" />
            </batch:tasklet>
            <batch:listeners>
                <batch:listener>
                    <bean scope="step" class="com.inetpsa.w7t.marketing.listener.MarketingStepListenerForFileMove">
                        <constructor-arg type="java.lang.String" value="#{jobParameters[file_location]}" />
                    </bean>
                </batch:listener>
            </batch:listeners>
        </batch:step>
    </batch:job>

    <bean id="promotionListener" class="org.springframework.batch.core.listener.ExecutionContextPromotionListener">
        <property name="strict" value="true" />
        <property name="keys">
            <array value-type="java.lang.String">
                <value>FILE_ID</value>
                <value>REQUEST_DATE</value>
            </array>
        </property>
    </bean>

    <bean id="toyotaParentXmlItemReader" scope="job" class="org.springframework.batch.item.xml.StaxEventItemReader">
        <property name="Resource">
            <bean class="org.springframework.core.io.FileSystemResource">
                <constructor-arg type="java.lang.String" value="#{jobParameters[file_location]}" />
            </bean>
        </property>
        <property name="fragmentRootElementName" value="Mktg" />
        <property name="strict" value="false" />
        <property name="unmarshaller">
            <bean class="org.springframework.oxm.jaxb.Jaxb2Marshaller">
                <property name="classesToBeBound">
                    <list>
                        <value>com.inetpsa.w7t.domain.model.ToyotaFileRequestXML</value>
                    </list>
                </property>
            </bean>
        </property>
    </bean>

    <bean id="toyotaParentDatabaseCheckValueItemWriter" class="com.inetpsa.w7t.batch.clients.toyota.request.ToyotaParentXMLFileItemWriter"></bean>

    <bean id="toyotaRequestItemReader" scope="job" class="org.springframework.batch.item.xml.StaxEventItemReader">
        <property name="Resource">
            <bean class="org.springframework.core.io.FileSystemResource">
                <constructor-arg type="java.lang.String" value="#{jobParameters[file_location]}" />
            </bean>
        </property>
        <property name="fragmentRootElementName" value="LCDV" />
        <property name="strict" value="false" />
        <property name="unmarshaller">
            <bean class="org.springframework.oxm.jaxb.Jaxb2Marshaller">
                <property name="classesToBeBound">
                    <list>
                        <value>com.inetpsa.w7t.domain.model.ToyotaFileRequestLstXML</value>
                    </list>
                </property>
            </bean>
        </property>
    </bean>

    <bean id="toyotaRequestItemProcessor" class="com.inetpsa.w7t.batch.clients.toyota.request.ToyotaRequestXMLFileItemProccessor" />
    <bean id="toyotaRequestItemWriter" class="com.inetpsa.w7t.batch.clients.toyota.request.ToyotaRequestXMLFileItemWriter" scope="step">
        <property name="resource">
            <bean class="com.inetpsa.w7t.batch.clients.toyota.response.ToyotaXmlFileResource">
                <constructor-arg type="java.lang.String" value="#{jobParameters[out_file_location]}" />
                <constructor-arg type="java.lang.String" value="#{jobParameters[file_name]}" />
            </bean>
        </property>
        <property name="uniqueIdentifier" value="#{jobParameters[unique_identifier]}" />
        <property name="fsFlagFileName" value="#{jobParameters[fs_flag_file_name]}" />
        <property name="entityManagerFactory" ref="entityManagerFactoryBean" />
    </bean>
    <!-- <bean id="toyotaRequestItemWriter" class="org.springframework.batch.item.database.JpaItemWriter"> <property name="entityManagerFactory" ref= "entityManagerFactoryBean"/> 
        </bean> -->

    <!-- End : Toyota target solution client to database -->

    <!-- **Start** Toyota answer preparation -->
    <batch:job id="toyotaXmlFileAnswerJob">
        <batch:step id="DatabaseToToyotaXmlFileAnswerStep">
            <batch:tasklet transaction-manager="transactionManager">
                <batch:chunk reader="toyotaXmlAnswerItemReader" processor="toyotaXmlAnswerItemProcessor" writer="toyotaXmlAnswerItemWriter"
                    chunk-completion-policy="completionPolicy">
                </batch:chunk>
            </batch:tasklet>
        </batch:step>
    </batch:job>

    <bean id="toyotaXmlAnswerItemReader" class="org.springframework.batch.item.database.JdbcCursorItemReader" scope="step">
        <property name="dataSource" ref="dataSource" />
        <property name="sql"
            value="SELECT * from W7TQTMRT mrt WHERE mrt.CLIENT = 'TOYOTA' AND mrt.RES_MAC_NAME='#{jobParameters['machineId']}' AND  mrt.ANSWER_GENERATED is NULL 
        and exists (select 1 from W7TQTMRQ mrq WHERE mrq.FILE_ID=mrt.FILE_ID and CLIENT = 'TOYOTA' AND STATUS IN ('20') ) 
        ORDER BY CREATED_DATE DESC LIMIT 1;" />
        <property name="rowMapper">
            <bean class="com.inetpsa.w7t.batch.shared.MarketingRequestTrackerRowMapper" />
        </property>
    </bean>
    <bean id="toyotaXmlAnswerItemProcessor" class="com.inetpsa.w7t.batch.clients.toyota.response.ToyotaXmlAnswerItemProcessor" />

    <bean id="toyotaXmlAnswerItemWriter" class="com.inetpsa.w7t.batch.clients.toyota.response.ToyotaRequestStatusUpdateWriter" scope="step">
        <property name="resource">
            <bean class="com.inetpsa.w7t.batch.clients.toyota.response.ToyotaXmlFileResource">
                <constructor-arg type="java.lang.String" value="#{jobParameters[file_location]}" />
                <constructor-arg type="java.lang.String" value="#{jobParameters[file_name]}" />
            </bean>
        </property>
        <property name="entityManagerFactory" ref="entityManagerFactoryBean" />
    </bean>

    <bean id="completionPolicy" class="org.springframework.batch.repeat.policy.DefaultResultCompletionPolicy" />
    <!-- **End** toyota answer preparation -->


</beans>