{
    "wltp/wltp.w20.json": {
        "optional": false,
        "preload": false,
        "ignore": false,
        "vars": {
            "components-path": "bower_components",
            "securityProvider": "BasicAuthentication",
            "seed-rest-path": "api"
        }
    },
    "bower_components/w20-extras/w20-extra.w20.json": {
        "modules": {
            "analytics": {
                "provider": "piwik",
                "virtualPageViews": true,
                "settings": {
                    "jsUrl": "${valo.com.inetpsa.w7t.ihm.piwik.url}",
                    "trackerUrl": "http://piwik.preprod.inetpsa.com/piwik.php",
                    "siteId": 503
                }
            }
        }
    },
    "bower_components/w20/w20-core.w20.json": {
        "modules": {
            "application": {
                "id": "",
                "home": "/wltp/wltphome",
                "blank": "/wltp/blank",
                "notFound": "/wltp/not-found",
                "redirectAfterRouteError": "wltp/error",
                "defaultSandboxPermissions": "",
                "defaultSandboxId": ""
            },
            "culture": {
                "available": [
                    "en",
                    "fr"
                ],
                "default": "en"
            },
            "env": {
                "type": "test"
            },
            "security": {
                "autoLogin": true,
                "redirectAfterLogout": "/",
                "redirectAfterLogin": "/",
                "persistentRestrictions": false
            },
            "utils": {},
            "notifications": {
                "disableNotifications": false,
                "position": "bottom-right",
                "limit": 10,
                "options": {}
            },
            "ui": {
                "expandedRouteCategories": []
            },
            "hypermedia": {
                "api": {
                    "wltp": "api"
                }
            }
        }
    },
    "bower_components/w20-components/w20-components.w20.json": {
        "modules": {
            "select": {},
            "grid": {}
        }
    },
    "bower_components/w20-material/w20-material.w20.json": {},
    "bower_components/w20-material-theme/w20-material-theme.w20.json": {
        "modules": {
            "main": {
                "theme": {
                    "primaryPalette": {
                        "name": "blue"
                    },
                    "accentPalette": {
                        "name": "amber"
                    }
                },
                "sidenav": {
                    "logoUrl": "/wltp/wltphome",
                    "logoImg": "wltp/images/logo.wltp.jpg",
                    "backgroundImg": "wltp/images/header-background.jpg"
                }
            }
        }
    }
}