<?xml version="1.0" encoding="UTF-8"?>
<beans xmlns="http://www.springframework.org/schema/beans"
    xmlns:batch="http://www.springframework.org/schema/batch" 
    xmlns:xsi="http://www.w3.org/2001/XMLSchema-instance"
    xmlns:context="http://www.springframework.org/schema/context"
    xmlns:seed="http://www.seedstack.org/xml-schemas/spring-support"
    xmlns:tx="http://www.springframework.org/schema/tx"
    xsi:schemaLocation="http://www.springframework.org/schema/batch http://www.springframework.org/schema/batch/spring-batch-3.0.xsd
        http://www.springframework.org/schema/context http://www.springframework.org/schema/context/spring-context-3.0.xsd
        http://www.springframework.org/schema/beans http://www.springframework.org/schema/beans/spring-beans-4.3.xsd
        http://www.seedstack.org/xml-schemas/spring-support http://www.seedstack.org/xml-schemas/spring-support/spring-support-1.2.xsd
        http://www.springframework.org/schema/tx http://www.springframework.org/schema/tx/spring-tx-3.2.xsd">

    <seed:datasource id="dataSource" name="wltp-jpa-unit-ds"/>
    
    <bean id="contextAdd" class="com.inetpsa.w7t.batch.util.SpringContextUtil"/>

    <context:component-scan base-package="com.inetpsa.w7t"/>
    
    <tx:annotation-driven />

    <bean id="jobRepository" class="org.springframework.batch.core.repository.support.MapJobRepositoryFactoryBean" />

    <bean id="jobLauncher"  class="org.springframework.batch.core.launch.support.SimpleJobLauncher">
        <property name="jobRepository" ref="jobRepository" />
        <property name="taskExecutor" ref="syncTaskExecutor"/> 
     </bean>
     
     <bean id="syncTaskExecutor" class="org.springframework.core.task.SyncTaskExecutor"/>
   

    <bean id="entityManagerFactoryBean" class="org.springframework.orm.jpa.LocalContainerEntityManagerFactoryBean">
      <property name="dataSource" ref="dataSource" />
      <property name="persistenceUnitName" value="wltp-domain-jpa-unit"/>
      <property name="packagesToScan" value="com.inetpsa.w7t.domain.model" />
      <property name="jpaVendorAdapter">
         <bean class="org.springframework.orm.jpa.vendor.HibernateJpaVendorAdapter" />
      </property>
   </bean>
   
   <tx:annotation-driven transaction-manager="transactionManager" />
    
   <bean id="transactionManager" class="org.springframework.orm.jpa.JpaTransactionManager"/>
  
   <bean id="jdbcTemplate" class="org.springframework.jdbc.core.JdbcTemplate">
        <property name="dataSource" ref="dataSource"/>
   </bean> 

</beans>