<?xml version="1.0" encoding="UTF-8"?>
<beans xmlns="http://www.springframework.org/schema/beans"
    xmlns:batch="http://www.springframework.org/schema/batch" 
    xmlns:xsi="http://www.w3.org/2001/XMLSchema-instance"
    xmlns:context="http://www.springframework.org/schema/context"
    xmlns:seed="http://www.seedstack.org/xml-schemas/spring-support"
    xmlns:tx="http://www.springframework.org/schema/tx"
    xsi:schemaLocation="http://www.springframework.org/schema/batch http://www.springframework.org/schema/batch/spring-batch-3.0.xsd
        http://www.springframework.org/schema/context http://www.springframework.org/schema/context/spring-context-3.0.xsd
        http://www.springframework.org/schema/beans http://www.springframework.org/schema/beans/spring-beans-4.3.xsd
        http://www.seedstack.org/xml-schemas/spring-support http://www.seedstack.org/xml-schemas/spring-support/spring-support-1.2.xsd
        http://www.springframework.org/schema/tx http://www.springframework.org/schema/tx/spring-tx-3.2.xsd">
        
        <seed:instance id="countryRepository" class="com.inetpsa.w7t.domains.references.infrastructure.persistence.CountryRepository" />
        <seed:instance id="marketingRequestRepository" class="com.inetpsa.w7t.batch.infrastructure.MarketingRequestRepository" />
        <seed:instance id="destinationCountryRepository" class="com.inetpsa.w7t.domains.references.infrastructure.persistence.DestinationCountryRepository" />
        <seed:instance id="batchJobEntry" class="com.inetpsa.w7t.batch.util.BatchJobEntry" />
        <seed:instance id="engineCalculatorService" class="com.inetpsa.w7t.domains.engine.services.EngineCalculatorService" />
        <seed:instance id="familyRepository" class="com.inetpsa.w7t.domains.families.infrastructure.persistence.family.FamilyRepository" />
        <seed:instance id="measureTypeRepository" class="com.inetpsa.w7t.domains.references.infrastructure.persistence.MeasureTypeRepository" />
        <seed:instance id="vlowVHighCombinedResultFinder" class="com.inetpsa.w7t.batch.infrastructure.VlowVHighCombinedResultFinder" />
        <seed:instance id="tvvRepository" class="com.inetpsa.w7t.domains.tvvs.infrastructure.persistence.tvv.TVVRepository" />
        <seed:instance id="clientPrameterFinder" class="com.inetpsa.w7t.domains.references.infrastructure.persistence.ClientParameterFinder" />
        <seed:instance id="marketingRequestTrackerRepository" class="com.inetpsa.w7t.batch.infrastructure.MarketingRequestTrackerRepository" /> 
        <seed:instance id="fluentAssembler" class="org.seedstack.business.assembler.FluentAssembler" /> 
        <seed:instance id="marketingDaemonCalculatorService" class="com.inetpsa.w7t.batch.shared.MarketingDaemonCalculatorService" />
        <seed:instance id="marketingRequestDummyEntityRepository" class="com.inetpsa.w7t.batch.infrastructure.MarketingRequestDummyEntityRepository" />  
        <seed:instance id="threadPoolMasterRepository" class="com.inetpsa.w7t.batch.infrastructure.ThreadPoolMasterRepository" />  
        <seed:instance id="marketingDaemonReadOnlyRepository" class="com.inetpsa.w7t.batch.infrastructure.MarketingDaemonReadOnlyRepository" />
        <seed:instance id="clientMaturityRepository" class="com.inetpsa.w7t.domains.references.infrastructure.persistence.ClientMaturityRepository" />  
        <seed:instance id="maturityRepository" class="com.inetpsa.w7t.domains.references.infrastructure.persistence.MaturityRepository" />
        <seed:instance id="depolRepository" class="com.inetpsa.w7t.domains.depols.infrastructure.persistence.depol.jpa.DepolRepository" />
        <seed:instance id="fileConfigUtilService" class="com.inetpsa.w7t.batch.util.FileConfigUtilService" />
        <seed:instance id="grossVehicleMassRepository" class="com.inetpsa.w7t.domains.references.infrastructure.persistence.GrossVehicleMassRepository" />
        <seed:instance id="physicalQuantityTypeRepository" class="com.inetpsa.w7t.domains.references.infrastructure.persistence.PhysicalQuantityTypeRepository"/>
        <seed:instance id="clientPRDService" class="com.inetpsa.w7t.domains.client.prd.services.ClientPRDService"/>
        <seed:instance id="fsFlagFileService" class="com.inetpsa.w7t.domains.client.prd.services.FsFlagFileService" />
        <seed:instance id="fsFlagFileRepository" class="com.inetpsa.w7t.domains.references.infrastructure.persistence.jpa.FsFlagFileRepository" />
        <seed:instance id="marketingDaemonWltpHubService" class="com.inetpsa.w7t.batch.shared.MarketingDaemonWltpHubService" />
        <seed:instance id="avoidCacheRepository" class="com.inetpsa.w7t.domains.references.infrastructure.persistence.AvoidCacheRepository" />
        <seed:instance id="familyDetailsRepository" class="com.inetpsa.w7t.domains.families.infrastructure.persistence.family.FamilyDetailsRepository" />
        <seed:instance id="testVehicleTypeRepository" class="com.inetpsa.w7t.domains.references.infrastructure.persistence.TestVehicleTypeRepository" />
        <seed:instance id="cyclePhaseRepository" class="com.inetpsa.w7t.domains.references.infrastructure.persistence.CyclePhaseRepository" />
        <seed:instance id="toyotaFamilyDetailsService" class="com.inetpsa.w7t.daemon.services.ToyotaFamilyDetailsService" />
</beans>