<?xml version="1.0" encoding="UTF-8"?>
<beans xmlns="http://www.springframework.org/schema/beans" xmlns:batch="http://www.springframework.org/schema/batch"
    xmlns:xsi="http://www.w3.org/2001/XMLSchema-instance" xmlns:context="http://www.springframework.org/schema/context"
    xmlns:seed="http://www.seedstack.org/xml-schemas/spring-support" xmlns:tx="http://www.springframework.org/schema/tx"
    xsi:schemaLocation="http://www.springframework.org/schema/batch http://www.springframework.org/schema/batch/spring-batch-3.0.xsd
        http://www.springframework.org/schema/context http://www.springframework.org/schema/context/spring-context-3.0.xsd
        http://www.springframework.org/schema/beans http://www.springframework.org/schema/beans/spring-beans-4.3.xsd
        http://www.seedstack.org/xml-schemas/spring-support http://www.seedstack.org/xml-schemas/spring-support/spring-support-1.2.xsd
        http://www.springframework.org/schema/tx http://www.springframework.org/schema/tx/spring-tx-3.2.xsd">

    <seed:instance id="newtonJpaRepository" class="com.inetpsa.w7t.domains.engine.infrastructure.persistence.NewtonRepository" />
    <seed:instance id="maturityCheckBeanService" class="com.inetpsa.w7t.daemon.services.MaturityCheckBeanService" />
    <seed:instance id="daemonFileConfigUtilService" class="com.inetpsa.w7t.batch.util.DaemonFileConfigUtilService" />
    <seed:instance id="threadPoolMasterRepository"
        class="com.inetpsa.w7t.domains.engine.infrastructure.persistence.ThreadPoolMasterRepository" />
    <seed:instance id="engineCalculatorService" class="com.inetpsa.w7t.domains.engine.services.EngineCalculatorService" />
    <seed:instance id="requestRepository" class="com.inetpsa.w7t.domains.engine.infrastructure.persistence.RequestRepository" />
    <seed:instance id="requestBatchRepository" class="com.inetpsa.w7t.domains.engine.infrastructure.persistence.RequestBatchRepository" />
    <seed:instance id="corvetAnswerFileWriterService" class="com.inetpsa.w7t.provider.batch.services.CorvetAnswerFileWriterService" />
    <seed:instance id="clientPRDService" class="com.inetpsa.w7t.domains.client.prd.services.ClientPRDService" />
    <seed:instance id="clientPRDRepository"
        class="com.inetpsa.w7t.domains.references.infrastructure.persistence.jpa.ClientPRDRepository" />
    <seed:instance id="fsFlagFileService" class="com.inetpsa.w7t.domains.client.prd.services.FsFlagFileService" />
    <seed:instance id="fsFlagFileRepository"
        class="com.inetpsa.w7t.domains.references.infrastructure.persistence.jpa.FsFlagFileRepository" />
     <!-- HUB LOT2 Changes added below lines Starts here -->   
    <seed:instance id="destinationDetailsRepository"
        class="com.inetpsa.w7t.domains.enginesettings.infrastructure.persistence.destination.DestinationDetailsRepository" />
    <seed:instance id="engineDaemonWltpHubService" class="com.inetpsa.w7t.provider.batch.services.EngineDaemonWltpHubService" />
    <seed:instance id="wltpHubAnswerService" class="com.inetpsa.w7t.domains.wltphub.answer.services.WltpHubAnswerService" />

    <seed:instance id="calculatedDataFactory" class="com.inetpsa.w7t.domains.engine.model.calculation.CalculatedDataFactory" />
    <seed:instance id="measureTypeRepository"
        class="com.inetpsa.w7t.domains.references.infrastructure.persistence.MeasureTypeRepository"></seed:instance>
<!-- HUB LOT2 Changes added below lines Ends here -->  
</beans>