<?xml version="1.0" encoding="UTF-8"?>
<assembly xmlns="http://maven.apache.org/plugins/maven-assembly-plugin/assembly/1.1.3" xmlns:xsi="http://www.w3.org/2001/XMLSchema-instance"
    xsi:schemaLocation="http://maven.apache.org/plugins/maven-assembly-plugin/assembly/1.1.3 http://maven.apache.org/xsd/assembly-1.1.3.xsd">

    <!-- Avoid touching the few following lines -->
    <id>livraison</id>
    <formats>
        <format>tar</format>
    </formats>
    <includeBaseDirectory>false</includeBaseDirectory>

    <!-- Based on that, it is the accurate description of the archive -->
    <fileSets>

        <!-- ***************************** -->
        <!-- FILES FOR THE WEB PART -->
        <!-- ***************************** -->
        <!-- We take the EAR and we insert it in "J2EE" directory -->
        <fileSet>
            <directory>../engine-micro-service/target</directory>
            <includes>
                <include>*capsule.jar</include>
            </includes>
            <outputDirectory>data/engine-micro-service</outputDirectory>
        </fileSet>

        <!-- ***************************** -->
        <!-- OTHER REQUIRED FILES -->
        <!-- ***************************** -->
        <fileSet>
            <directory>../engine-micro-service/psa/valorisation/templates</directory>
            <outputDirectory>data/engine-micro-service/config</outputDirectory>
            <lineEnding>unix</lineEnding>
            <filtered>true</filtered>
        </fileSet>
        <fileSet>
            <directory>psa/valorisation/templates</directory>
            <outputDirectory>J2EE</outputDirectory>
            <lineEnding>unix</lineEnding>
            <includes>
                <include>w7t01.xml</include>
            </includes>
            <filtered>true</filtered>
        </fileSet>
        <fileSet>
            <directory>psa/valorisation/templates/script</directory>
            <outputDirectory>delivery</outputDirectory>
            <fileMode>777</fileMode>
            <filtered>true</filtered>
        </fileSet>
        <fileSet>
            <directory>psa/valorisation/dictionaries</directory>
            <outputDirectory>data/engine-micro-service/valorisation/dictionaries</outputDirectory>
            <lineEnding>unix</lineEnding>
            <filtered>true</filtered>
        </fileSet>


        <!-- unfiltered Templates -->
        <fileSet>
            <directory>../engine-micro-service/psa/valorisation/templates</directory>
            <outputDirectory>data/engine-micro-service/valorisation/templates</outputDirectory>
            <lineEnding>unix</lineEnding>
            <filtered>false</filtered>
        </fileSet>
        <fileSet>
            <directory>psa/valorisation/templates</directory>
            <outputDirectory>data/engine-micro-service/valorisation/templates</outputDirectory>
            <lineEnding>unix</lineEnding>
            <filtered>false</filtered>
        </fileSet>
    </fileSets>
</assembly>

