<?xml version="1.0" encoding="UTF-8"?>
<beans xmlns="http://www.springframework.org/schema/beans"
	xmlns:batch="http://www.springframework.org/schema/batch" 
    xmlns:xsi="http://www.w3.org/2001/XMLSchema-instance"
    xmlns:context="http://www.springframework.org/schema/context"
    xmlns:seed="http://www.seedstack.org/xml-schemas/spring-support"
    xmlns:tx="http://www.springframework.org/schema/tx"
	xsi:schemaLocation="http://www.springframework.org/schema/batch http://www.springframework.org/schema/batch/spring-batch-3.0.xsd
        http://www.springframework.org/schema/context http://www.springframework.org/schema/context/spring-context-3.0.xsd
		http://www.springframework.org/schema/beans http://www.springframework.org/schema/beans/spring-beans-4.3.xsd
        http://www.seedstack.org/xml-schemas/spring-support http://www.seedstack.org/xml-schemas/spring-support/spring-support-1.2.xsd
        http://www.springframework.org/schema/tx http://www.springframework.org/schema/tx/spring-tx-3.2.xsd">

    <!-- All Jobs **Start** -->
        <import resource="config/dependencies.xml" />
        <import resource="config/database.xml" />
        <import resource="jobs/cfgMot2-job-context.xml" />
<!--         <import resource="jobs/bcvNewton-job-context.xml" /> -->
        <import resource="jobs/toyota-job-context.xml" />
        <import resource="jobs/aoGeos-job-context.xml" />
        <import resource="jobs/cronos-job-context.xml" />
        <import resource="jobs/eliade-job-context.xml" />
        <import resource="jobs/icube-job-context.xml" />
        <import resource="jobs/cpds-job-context.xml" />
    <!-- All Jobs **End** -->

    
</beans>			