<?xml version="1.0" encoding="UTF-8"?>
<beans xmlns="http://www.springframework.org/schema/beans" xmlns:batch="http://www.springframework.org/schema/batch" xmlns:xsi="http://www.w3.org/2001/XMLSchema-instance"
    xmlns:context="http://www.springframework.org/schema/context" xmlns:seed="http://www.seedstack.org/xml-schemas/spring-support" xmlns:tx="http://www.springframework.org/schema/tx"
    xsi:schemaLocation="http://www.springframework.org/schema/batch http://www.springframework.org/schema/batch/spring-batch-3.0.xsd
        http://www.springframework.org/schema/context http://www.springframework.org/schema/context/spring-context-3.0.xsd
        http://www.springframework.org/schema/beans http://www.springframework.org/schema/beans/spring-beans-4.3.xsd
        http://www.seedstack.org/xml-schemas/spring-support http://www.seedstack.org/xml-schemas/spring-support/spring-support-1.2.xsd
        http://www.springframework.org/schema/tx http://www.springframework.org/schema/tx/spring-tx-3.2.xsd">

    <import resource="config/dependencies.xml" />
    <seed:datasource id="dataSource" name="wltp-jpa-unit-ds" />

    <bean id="contextAdd" class="com.inetpsa.w7t.batch.SpringContextUtil" />

    <context:component-scan base-package="com.inetpsa.w7t.batch,com.inetpsa.w7t.provider.batch" />

    <tx:annotation-driven />

    <bean id="jobRepository" class="org.springframework.batch.core.repository.support.MapJobRepositoryFactoryBean" />

    <bean id="jobLauncher" class="org.springframework.batch.core.launch.support.SimpleJobLauncher">
        <property name="jobRepository" ref="jobRepository" />
        <property name="taskExecutor" ref="syncTaskExecutor" />
    </bean>

    <bean id="syncTaskExecutor" class="org.springframework.core.task.SyncTaskExecutor" />

    <bean id="parentXmlItemReader" scope="job" class="org.springframework.batch.item.xml.StaxEventItemReader">
        <property name="Resource">
            <bean class="org.springframework.core.io.FileSystemResource">
                <constructor-arg type="java.lang.String" value="#{jobParameters[file_location]}" />
            </bean>
        </property>
        <property name="fragmentRootElementName" value="wltp_service" />
        <property name="strict" value="false" />
        <property name="unmarshaller">
            <bean class="org.springframework.oxm.jaxb.Jaxb2Marshaller">
                <property name="classesToBeBound">
                    <list>
                        <value>com.inetpsa.w7t.batch.model.ClientServiceRequest</value>
                    </list>
                </property>
            </bean>
        </property>
    </bean>

    <bean id="parentDatabaseItemWriter" class="com.inetpsa.w7t.batch.ClientBatchItemWriter"  scope="step">
        <property name="dataSource" ref="dataSource" />
        <property name="jdbcTemplate" ref="jdbcTemplate" />
        <property name="sql">
            <value>
                <![CDATA[        
                    insert into W7TQTRQB(ID, FILE_ID, CLIENT, REQUEST_DATE, STATUS, REQ_MAC_NAME, BCV_RES_MAC_NAME, INTERNAL_FILE_ID) 
                    values (?, ?, ?, ?, 'R',?,?,?)
                ]]>
            </value>
        </property>
        <!-- We need a custom setter to handle the conversion between Jodatime LocalDate and MySQL DATE -->
        <property name="ItemPreparedStatementSetter">
            <bean class="com.inetpsa.w7t.batch.ClientBatchRequestItemPreparedStatementSetter">
               <property name="resource">
                     <bean class="com.inetpsa.w7t.batch.util.FsFlagFileResource" scope="step">
                         <constructor-arg type="java.lang.String" value="#{jobParameters[fs_flag_file_name]}" />
                     </bean>
               </property>
            </bean>
        </property>
    </bean>

    <bean id="xmlItemReader" scope="job" class="org.springframework.batch.item.xml.StaxEventItemReader">
        <property name="Resource">
            <bean class="org.springframework.core.io.FileSystemResource">
                <constructor-arg type="java.lang.String" value="#{jobParameters[file_location]}" />
            </bean>
        </property>
        <property name="fragmentRootElementName" value="request" />
        <property name="strict" value="false" />
        <property name="unmarshaller">
            <bean class="org.springframework.oxm.jaxb.Jaxb2Marshaller">
                <property name="classesToBeBound">
                    <list>
                        <value>com.inetpsa.w7t.batch.model.ClientRequest</value>
                    </list>
                </property>
            </bean>
        </property>
    </bean>

    <bean id="corvetRequestItemWriter" class="com.inetpsa.w7t.batch.ClientRequestItemWriter">
        <property name="dataSource" ref="dataSource" />
        <property name="sql">
            <value>
                <![CDATA[        
                    insert into W7TQTREQ(ID, REQUEST_ID, REQUEST_TYPE, VIN, ECOM_DATE, EXTENDED_TITLE, FILE_ID, STATUS, BATCH_ID, REQUEST_DATE, ANSWER_CODE, ANSWER_DESIGNATION,TVV_DESIGNATION, INTERNAL_FILE_ID, MATURITY) 
                    values (?, ?, ?, ?, ?, ?, ?, ?, ?, ?, ?, ?, ?, ?, ?)
                ]]>
            </value>
        </property>
        <property name="ItemPreparedStatementSetter">
            <bean class="com.inetpsa.w7t.batch.ClientRequestItemPreparedStatementSetter" />
        </property>
    </bean>

    <bean id="itemProcessor" class="com.inetpsa.w7t.batch.ClientRequestItemProcessor">
        <property name="jdbcTemplate" ref="jdbcTemplate" />
    </bean>

    <bean id="interceptingJobExecution" class="com.inetpsa.w7t.batch.InterceptingJobExecution">
        <property name="jdbcTemplate" ref="jdbcTemplate" />
    </bean>

    <bean id="promotionListener" class="org.springframework.batch.core.listener.ExecutionContextPromotionListener">
        <property name="strict" value="true" />
        <property name="keys">
            <array value-type="java.lang.String">
                <value>FILE_ID</value>
                <value>BATCH_ID</value>
                <value>INTERNAL_FILE_ID</value>
            </array>
        </property>
    </bean>

    <bean id="createNewtonRequestTasklet" class="com.inetpsa.w7t.provider.batch.NewtonRequestTasklet">
        <property name="jdbcTemplate" ref="jdbcTemplate" />
    </bean>

    <bean id="newtonCompositeWriter" class="org.springframework.batch.item.support.CompositeItemWriter">
        <property name="delegates">
            <list>
                <!-- <ref bean="newtonFlatFileRequestWriter" /> -->
                <ref bean="newtonStatusUpdate" />
            </list>
        </property>
    </bean>

    <bean id="newtonStatusUpdate" class="com.inetpsa.w7t.provider.batch.NewtonStatusUpdateWriter">
        <property name="entityManagerFactory" ref="entityManagerFactoryBean" />
    </bean>

    <bean id="newtonRequestReader" class="org.springframework.batch.item.database.JdbcCursorItemReader">
        <property name="dataSource" ref="dataSource" />
        <property name="sql">
            <value>
                <![CDATA[
                    select LPAD(REQ_NO,17,'0') as requestNo, EXTENDED_TITLE as extendedTitle,REQ_ID as reqId 
                    from W7TQTNEW where status = '30'      
                ]]>
            </value>
        </property>
        <property name="rowMapper" ref="newtonRowMapper" />
    </bean>

    <bean id="newtonRowMapper" class="org.springframework.jdbc.core.BeanPropertyRowMapper">
        <property name="mappedClass" value="com.inetpsa.w7t.provider.model.NewtonRequestResponse" />
        <property name="conversionService">
            <bean class="org.springframework.format.support.DefaultFormattingConversionService" />
        </property>
    </bean>

    <bean id="newtonRequestFileWriterTasklet" class="com.inetpsa.w7t.provider.batch.NewtonRequestFileWriterTasklet" scope="step">
        <property name="jdbcTemplate" ref="jdbcTemplate" />
        <property name="entityManagerFactory" ref="entityManagerFactoryBean" />
        <property name="Resource">
            <bean class="com.inetpsa.w7t.provider.batch.NewtonFlatFileResource">
                <constructor-arg type="java.lang.String" value="#{jobParameters[file_location]}" />
            </bean>
        </property>
    </bean>

    <bean id="newtonFlatFileRequestWriter" scope="step" class="org.springframework.batch.item.file.FlatFileItemWriter">
        <property name="Resource">
            <bean class="com.inetpsa.w7t.provider.batch.NewtonFlatFileResource">
                <constructor-arg type="java.lang.String" value="#{jobParameters[file_location]}" />
            </bean>
        </property>
        <property name="shouldDeleteIfEmpty" value="true" />
        <property name="lineAggregator">
            <bean class="org.springframework.batch.item.file.transform.FormatterLineAggregator">
                <property name="fieldExtractor">
                    <bean class="org.springframework.batch.item.file.transform.BeanWrapperFieldExtractor">
                        <property name="names"
                            value="requestNo,requestDate,answerDate,answerCode,answerDesignation,unladenMass,equipmentMass,vehicleMass,unladenSCx,equipmentSCx,vehicleSCx,vehicleCRR,extendedTitle" />
                    </bean>
                </property>
                <property name="format" value="%-17s%-19s%-19s%-8s%-50s%-8s%-8s%-8s%-8s%-8s%-8s%-8s%-3524s" />
            </bean>
        </property>
    </bean>

    <bean id="newtonProcessor" class="com.inetpsa.w7t.provider.batch.NewtonRequestItemProcessor" />

    <!-- Newton Answer Processor **Start** -->

    <bean id="newtonAnswerReader" scope="step" class="org.springframework.batch.item.file.FlatFileItemReader">
        <property name="Resource">
            <bean class="org.springframework.core.io.FileSystemResource">
                <constructor-arg type="java.lang.String" value="#{jobParameters[file_location]}" />
            </bean>
        </property>
        <property name="encoding" value="UTF-8" />
        <property name="strict" value="false" />
        <property name="lineMapper">
            <bean class="org.springframework.batch.item.file.mapping.DefaultLineMapper">
                <property name="lineTokenizer">
                    <bean class="org.springframework.batch.item.file.transform.FixedLengthTokenizer">
                        <property name="strict" value="false" />
                        <property name="names"
                            value="reqId,requestDate,answerDate,answerCode,answerDesignation,unladenMass,equipmentMass,vehicleMass,unladenSCx,equipmentSCx,vehicleSCx,vehicleCRR,extendedTitle" />
                        <property name="columns" value="1, 21, 40, 59, 67, 117, 125, 133, 141, 149, 157, 165, 173" />
                    </bean>
                </property>
                <property name="fieldSetMapper">
                    <bean class="org.springframework.batch.item.file.mapping.BeanWrapperFieldSetMapper">
                        <property name="prototypeBeanName" value="newtonRequestResponseDTOPrototype" />
                    </bean>
                </property>
            </bean>
        </property>
    </bean>

    <bean id="newtonRequestResponseDTOPrototype" class="com.inetpsa.w7t.provider.model.NewtonRequestResponseDTO" scope="prototype" />

    <bean id="newtonAnswerProcessor" class="com.inetpsa.w7t.provider.batch.NewtonAnswerItemProcessor">
        <property name="jdbcTemplate" ref="jdbcTemplate" />
    </bean>

    <!-- <bean id="newtonAnswerDBWriter" class="org.springframework.batch.item.database.JpaItemWriter"> -->
    <!-- <property name="entityManagerFactory" ref= "entityManagerFactoryBean"/> -->
    <!-- </bean> -->
    <bean id="newtonAnswerDBWriter" class="com.inetpsa.w7t.provider.batch.NewtonAnswerDBItemWriter">
        <property name="entityManagerFactory" ref="entityManagerFactoryBean" />
        <property name="jdbcTemplate" ref="jdbcTemplate" />
    </bean>

    <bean id="entityManagerFactoryBean" class="org.springframework.orm.jpa.LocalContainerEntityManagerFactoryBean">
        <property name="dataSource" ref="dataSource" />
        <property name="persistenceUnitName" value="wltp-domain-jpa-unit" />
        <property name="packagesToScan" value="com.inetpsa.w7t.provider.model" />
        <property name="jpaVendorAdapter">
            <bean class="org.springframework.orm.jpa.vendor.HibernateJpaVendorAdapter" />
        </property>
    </bean>

    <tx:annotation-driven transaction-manager="transactionManager" />

    <bean id="transactionManager" class="org.springframework.orm.jpa.JpaTransactionManager" />


    <bean id="jdbcTemplate" class="org.springframework.jdbc.core.JdbcTemplate">
        <property name="dataSource" ref="dataSource" />
    </bean>


    <!-- All Jobs **Start** -->
    
    <batch:job id="corvetRequestJob">
        <batch:step id="readRootTagElement" next="readEachrequestItem">
            <batch:tasklet start-limit="1">
                <batch:chunk reader="parentXmlItemReader" writer="parentDatabaseItemWriter" commit-interval="1" />
            </batch:tasklet>
            <batch:listeners>
                <batch:listener ref="promotionListener" />
            </batch:listeners>
        </batch:step>
        <batch:step id="readEachrequestItem">
            <batch:tasklet>
                <batch:chunk reader="xmlItemReader" writer="corvetRequestItemWriter" processor="itemProcessor" commit-interval="50" />
            </batch:tasklet>
            <batch:listeners>
                <batch:listener>
                    <bean scope="step" class="com.inetpsa.w7t.listener.StepListenerForFileMove">
                        <constructor-arg type="java.lang.String" value="#{jobParameters[file_location]}" />
                    </bean>
                </batch:listener>
            </batch:listeners>
        </batch:step>
        <batch:listeners>
            <batch:listener ref="interceptingJobExecution" />
            <batch:listener ref="clearCacheListener" />
        </batch:listeners>
    </batch:job>

    <batch:job id="newtonRequestJob">
        <batch:step id="createIndividualVehicles" next="sendRequestsToNewton">
            <batch:tasklet ref="createNewtonRequestTasklet" start-limit="1" />
        </batch:step>
        <batch:step id="sendRequestsToNewton" next="newtonRequestFileWriter">
            <batch:tasklet>
                <batch:chunk reader="newtonRequestReader" processor="newtonProcessor" writer="newtonCompositeWriter" commit-interval="1" />
            </batch:tasklet>
        </batch:step>
        <batch:step id="newtonRequestFileWriter">
            <batch:tasklet ref="newtonRequestFileWriterTasklet" start-limit="1" />
        </batch:step>
        
           <batch:listeners>
            <batch:listener ref="clearCacheListener" />
        </batch:listeners>
        
    </batch:job>

    <batch:job id="newtonAnswerJob">
        <batch:step id="getNewtonAnswer" next="moveFileToDone">
            <batch:tasklet>
                <batch:chunk reader="newtonAnswerReader" processor="newtonAnswerProcessor" writer="newtonAnswerDBWriter" chunk-completion-policy="completionPolicy" />
            </batch:tasklet>
        </batch:step>
        <batch:step id="moveFileToDone">
            <batch:tasklet>
                <bean scope="step" class="com.inetpsa.w7t.provider.batch.NewtonAnswerFileMoveTasklet">
                    <constructor-arg type="java.lang.String" value="#{jobParameters[file_location]}" />
                </bean>
            </batch:tasklet>
        </batch:step>
        
          <batch:listeners>
            <batch:listener ref="clearCacheListener" />
        </batch:listeners>
        
    </batch:job>


    
    <batch:job id="corvetAnswerJob">
        <batch:step id="createCorvetAnswer">
            <batch:tasklet>
                <batch:chunk reader="corvetAnswerReader" processor="corvetAnswerProcessor" writer="corvetAnswerCompositeWriter"  chunk-completion-policy="completionPolicy"/>
            </batch:tasklet>
        </batch:step>
        
          <batch:listeners>
            <batch:listener ref="clearCacheListener" />
        </batch:listeners>
        
    </batch:job>

    <bean id="corvetAnswerReader" class="org.springframework.batch.item.database.JdbcCursorItemReader" scope="step">
        <property name="dataSource" ref="dataSource" />
        <property name="sql">
            <value>
                <![CDATA[
                   SELECT * FROM W7TQTREQ req WHERE req.STATUS IN('50','60','61','70') AND req.BATCH_ID IN (SELECT rqb.ID FROM W7TQTRQB rqb WHERE rqb.STATUS='C' AND req.BATCH_ID = rqb.ID AND ( rqb.BCV_RES_MAC_NAME = '#{jobParameters['machineId']}' OR rqb.BCV_RES_MAC_NAME IS NULL) AND rqb.MANUAL = false AND rqb.CLIENT='CORVET' ORDER BY rqb.CREATED_DATE desc) ORDER BY req.CREATED_DATE desc      
                ]]>
            </value>
        </property>
        <property name="rowMapper">
        <bean class="com.inetpsa.w7t.provider.batch.CorvetAnswerRowMapper" />
        </property>
    </bean>
    
    <bean id="corvetAnswerProcessor" class="com.inetpsa.w7t.provider.batch.CorvetAnswerItemProcessor" />
    
     <bean id="corvetAnswerCompositeWriter" class="org.springframework.batch.item.support.CompositeItemWriter">
        <property name="delegates">
            <list>
                <ref bean="corvetAnswerFileWriter" />
            </list>
        </property>
    </bean>
    
    <bean id="corvetAnswerFileWriter" class="com.inetpsa.w7t.provider.batch.CorvetAnswerFileWriter" scope="step">
    <property name="jdbcTemplate" ref="jdbcTemplate" />
         <property name="resource">
            <bean class="com.inetpsa.w7t.provider.batch.CorvetAnswerFileResource">
                <constructor-arg type="java.lang.String" value="#{jobParameters[file_location]}" />
            </bean>
        </property>
        
    </bean>
    
    <batch:job id="compToolAnswerJob">
        <batch:step id="createCompToolAnswer">
            <batch:tasklet>
                <batch:chunk reader="compToolAnswerReader" processor="compToolAnswerProcessor" writer="compToolAnswerCompositeWriter"
                    chunk-completion-policy="completionPolicy" />
            </batch:tasklet>
        </batch:step>
        
        <batch:listeners>
            <batch:listener ref="clearCacheListener" />
        </batch:listeners>
        
    </batch:job>

    <bean id="compToolAnswerReader" class="org.springframework.batch.item.database.JdbcCursorItemReader" scope="step">
        <property name="dataSource" ref="dataSource" />
        <property name="sql">
            <value>
                <![CDATA[
                   SELECT * FROM W7TQTREQ req WHERE req.STATUS IN('50','60','61') AND req.BATCH_ID IN (SELECT rqb.ID FROM W7TQTRQB rqb WHERE rqb.STATUS='C' AND req.BATCH_ID = rqb.ID AND ( rqb.BCV_RES_MAC_NAME = '#{jobParameters['machineId']}' OR rqb.BCV_RES_MAC_NAME IS NULL) AND rqb.MANUAL = false AND rqb.CLIENT='COMPTOOL' ORDER BY rqb.CREATED_DATE desc) ORDER BY req.CREATED_DATE desc      
                ]]>
            </value>
        </property>
        <property name="rowMapper">
            <bean class="com.inetpsa.w7t.provider.batch.CorvetAnswerRowMapper" />
        </property>
    </bean>

    <bean id="compToolAnswerProcessor" class="com.inetpsa.w7t.provider.batch.CorvetAnswerItemProcessor" />

    <bean id="compToolAnswerCompositeWriter" class="org.springframework.batch.item.support.CompositeItemWriter">
        <property name="delegates">
            <list>
                <ref bean="compToolAnswerFileWriter" />
            </list>
        </property>
    </bean>

    <bean id="compToolAnswerFileWriter" class="com.inetpsa.w7t.provider.batch.CorvetAnswerFileWriter" scope="step">
        <property name="jdbcTemplate" ref="jdbcTemplate" />
        <property name="resource">
            <bean class="com.inetpsa.w7t.provider.batch.CorvetAnswerFileResource">
                <constructor-arg type="java.lang.String" value="#{jobParameters[file_location]}" />
            </bean>
        </property>

    </bean>
    
     <bean id="completionPolicy" class="org.springframework.batch.repeat.policy.DefaultResultCompletionPolicy" />
     
      <bean id="clearCacheListener" class="com.inetpsa.w7t.batch.HibernateClearCacheListener">
        <property name="entityManagerFactory" ref="entityManagerFactoryBean" />
    </bean>
    
    <!-- All Jobs **End** -->

</beans>            