<?xml version="1.0" encoding="UTF-8"?>
<assembly 
    xmlns="http://maven.apache.org/plugins/maven-assembly-plugin/assembly/1.1.3" 
    xmlns:xsi="http://www.w3.org/2001/XMLSchema-instance" xsi:schemaLocation="http://maven.apache.org/plugins/maven-assembly-plugin/assembly/1.1.3 http://maven.apache.org/xsd/assembly-1.1.3.xsd">
    <!-- Avoid touching the few following lines -->
    <id>livraison</id>
    <formats>
        <format>tar</format>
    </formats>
    <includeBaseDirectory>false</includeBaseDirectory>
    <!-- Based on that, it is the accurate description of the archive -->
    <fileSets>
        <!-- ******************************* -->
        <!--  FILES FOR BATCH PORTION  -->
        <!-- ******************************* -->
        <!-- The batch JAR -->
        <fileSet>
            <directory>target</directory>
            <includes>
                <include>${pom.artifactId}-${pom.version}.jar</include>
            </includes>
            <outputDirectory>java</outputDirectory>
        </fileSet>
        <!-- The libraries required by the batch -->
        <fileSet>
            <directory>target/psa-archive-lib</directory>
            <outputDirectory>lib</outputDirectory>
            <excludes>
                <exclude>flyway-*.jar</exclude>
            </excludes>
        </fileSet>
        <fileSet>
            <directory>target/psa-archive-lib</directory>
            <outputDirectory>data/w7t-sql/flyway/drivers</outputDirectory>
            <includes>
                <include>mysql-connector-java-*.jar</include>
            </includes>
        </fileSet>
        <fileSet>
            <directory>target/psa-archive-lib</directory>
            <outputDirectory>data/w7t-sql/flyway/lib</outputDirectory>
            <includes>
                <include>flyway-*.jar</include>
            </includes>
        </fileSet>
        <!-- The Batch run script file should be valued to -->
        <!-- add the generated classpath. -->
        <fileSet>
            <directory>psa/valorisation/templates/script</directory>
            <outputDirectory>delivery</outputDirectory>
            <fileMode>777</fileMode>
            <filtered>true</filtered>
        </fileSet>
        <!-- ***************************** -->
        <!-- OTHER REQUIRED FILES -->
        <!-- ***************************** -->
        <fileSet>
            <directory>../w7t-sql/psa/valorisation/templates</directory>
            <outputDirectory>data/w7t-sql</outputDirectory>
            <lineEnding>unix</lineEnding>
            <filtered>true</filtered>
            <excludes>
                <exclude>**/*.sh</exclude>
            </excludes>
        </fileSet>
        <fileSet>
            <directory>../w7t-sql/psa/valorisation/templates</directory>
            <outputDirectory>data/w7t-sql</outputDirectory>
            <lineEnding>unix</lineEnding>
            <filtered>true</filtered>
            <fileMode>777</fileMode>
            <includes>
                <include>**/*.sh</include>
            </includes>
        </fileSet>
        <fileSet>
            <directory>psa/valorisation/templates</directory>
            <outputDirectory>data/marketing-daemon/config</outputDirectory>
            <lineEnding>unix</lineEnding>
            <filtered>true</filtered>
        </fileSet>
        <!-- unfiltered Templates -->
        <fileSet>
            <directory>psa/valorisation/templates</directory>
            <outputDirectory>data/marketing-daemon/valorisation/templates</outputDirectory>
            <lineEnding>unix</lineEnding>
            <filtered>false</filtered>
        </fileSet>
        <fileSet>
            <directory>psa/valorisation/dictionaries</directory>
            <outputDirectory>data/marketing-daemon/valorisation/dictionaries</outputDirectory>
            <lineEnding>unix</lineEnding>
            <filtered>false</filtered>
        </fileSet>
        
        <fileSet>
            <directory>../w7t-sql/sql/versions/all</directory>
            <includes>
                <include>*.sql</include>
            </includes>
            <outputDirectory>sql</outputDirectory>
            <filtered>false</filtered>
            <lineEnding>unix</lineEnding>
        </fileSet>
        <fileSet>
            <directory>${project.build.directory}/sql</directory>
            <includes>
                <include>*.sql</include>
            </includes>
            <outputDirectory>sql</outputDirectory>
            <filtered>false</filtered>
            <lineEnding>unix</lineEnding>
        </fileSet>
    </fileSets>
</assembly>
