<?xml version="1.0" encoding="ISO-8859-1" standalone="no" ?>
<SOAP-ENV:Envelope xmlns="http://xml.inetpsa.com/ProduitProcess/Produit/NomenclatureHaute" xmlns:SOAP-ENV="http://schemas.xmlsoap.org/soap/envelope/" xmlns:ctx="http://xml.inetpsa.com/ProduitProcess/Produit/NomenclatureHaute/Contexte" xmlns:env="http://xml.inetpsa.com/Structure/Informatique/DeveloppementSI/ReferentielEchange" xmlns:wsse="http://docs.oasis-open.org/wss/2004/01/oasis-200401-wss-wssecurity-secext-1.0.xsd">

  <SOAP-ENV:Header>
    <env:Flow>
      <env:MessageID>6BBFAF588AEB2A1CE10000000A444C0E</env:MessageID>
      <env:From></env:From>
      <env:To></env:To>
      <env:TimeStamp></env:TimeStamp>
    </env:Flow>
    <wsse:Security>
      <wsse:UsernameToken>
        <wsse:Username>UNIVERSE</wsse:Username>
      </wsse:UsernameToken>
    </wsse:Security>
  </SOAP-ENV:Header>

  <SOAP-ENV:Body>
    <env:Action>
      <env:Do>PublierDictionnaires</env:Do>
      <env:Parameters>
        <DICTIONNAIRE>
          <DICTIONNAIRE_FAMILLE>
            <CLASSE>FAM_1CWF</CLASSE>
            <KMAT>1CWF</KMAT>
            <TYPE_DICO>L</TYPE_DICO>
            <MATURITE>PROD</MATURITE>
            <CLASSE_DIFFUSEE>TEST</CLASSE_DIFFUSEE>
            <STATUS>1</STATUS>
            <CATEGORIE_CLASSE>300</CATEGORIE_CLASSE>
            <GROUPE>LCDV</GROUPE>
            <DATE_DEBUT_VALIDITE>20101221</DATE_DEBUT_VALIDITE>
            <DATE_FIN_VALIDITE>99991231</DATE_FIN_VALIDITE>
            <VUES_APPLICATIVES>CHKMPW</VUES_APPLICATIVES>
            <CLASSE_TRANSVERSE/>
            <FLAG_CONFIDENTIALITE/>
            <VALIDITE_BPS>X</VALIDITE_BPS>
            <AUTORISATION_GESTION>AAC</AUTORISATION_GESTION>
            <AUTORISATION_CLASSIFICATION>AAC</AUTORISATION_CLASSIFICATION>
            <AUTORISATION_RECHERCHE/>
            <TEXTE>
              <LANGUE/>
              <DESIGNATION>Dictionnaire LCDV famille B753 CHINE</DESIGNATION>
            </TEXTE>
            <CARACTERISTIQUES>
              <NOM_CARACTERISTIQUE>T3N</NOM_CARACTERISTIQUE>
              <VUES_APPLICATIVES>P</VUES_APPLICATIVES>
              <DEC_PSA> 0015</DEC_PSA>
              <HERITEE/>
              <MARQUAGE_BW>X</MARQUAGE_BW>
              <MARQUAGE_BPS>X</MARQUAGE_BPS>
              <MARQUAGE_RHN/>
              <TEXTE>
                <LANGUE>EN</LANGUE>
                <DESIGNATION>COLOUR OF INTERIOR TRIM</DESIGNATION>
              </TEXTE>
              <TEXTE>
                <LANGUE>FR</LANGUE>
                <DESIGNATION>COULEUR DE GARNISSAGE</DESIGNATION>
              </TEXTE>
              <TEXTE>
                <LANGUE>ES</LANGUE>
                <DESIGNATION>COLOR DE GUARNECIDO</DESIGNATION>
              </TEXTE>
              <TEXTE>
                <LANGUE>Z1</LANGUE>
                <DESIGNATION>COULEUR DE GARNISSAGE</DESIGNATION>
              </TEXTE>
              <VALEUR_CARACTERISTIQUE>
                <NOM_VALEUR>AC</NOM_VALEUR>
                <MARQUAGE_INTERDIT_NEW_UTIL/>
                <MARQUAGE_ARCHIVE/>
                <MARQUAGE_OBSOLETE/>
                <MARQUAGE_DEROGATION/>
                <TEXTE>
                  <LANGUE>FR</LANGUE>
                  <DESIGNATION>ASGARD</DESIGNATION>
                </TEXTE>
                <TEXTE>
                  <LANGUE>Z1</LANGUE>
                  <DESIGNATION>ASGARD</DESIGNATION>
                </TEXTE>
              </VALEUR_CARACTERISTIQUE>
            </CARACTERISTIQUES>
          </DICTIONNAIRE_FAMILLE>
        </DICTIONNAIRE>
        <ctx:Contexte>
          <ctx:Extraction>JOURNALIER</ctx:Extraction>
          <ctx:Periode>JOUR</ctx:Periode>
        </ctx:Contexte>
      </env:Parameters>
    </env:Action>
  </SOAP-ENV:Body>

</SOAP-ENV:Envelope>