<?xml version="1.0" encoding="ISO-8859-1" standalone="no" ?>
<SOAP-ENV:Envelope xmlns="http://xml.inetpsa.com/ProduitProcess/Produit/NomenclatureHaute" xmlns:SOAP-ENV="http://schemas.xmlsoap.org/soap/envelope/" xmlns:ctx="http://xml.inetpsa.com/ProduitProcess/Produit/NomenclatureHaute/Contexte" xmlns:env="http://xml.inetpsa.com/Structure/Informatique/DeveloppementSI/ReferentielEchange" xmlns:wsse="http://docs.oasis-open.org/wss/2004/01/oasis-200401-wss-wssecurity-secext-1.0.xsd">

  <SOAP-ENV:Header>
    <env:Flow>
      <env:MessageID>6BBFAF588AEB2A1CE10000000A444C0E</env:MessageID>
      <env:From></env:From>
      <env:To></env:To>
      <env:TimeStamp></env:TimeStamp>
    </env:Flow>
    <wsse:Security>
      <wsse:UsernameToken>
        <wsse:Username>UNIVERSE</wsse:Username>
      </wsse:UsernameToken>
    </wsse:Security>
  </SOAP-ENV:Header>

  <SOAP-ENV:Body>
    <env:Action>
      <env:Do>PublierDictionnaires</env:Do>
      <env:Parameters>
        <DICTIONNAIRE>
          <DICTIONNAIRE_GENERAL>
<CARACTERISTIQUES>
   <NOM_CARACTERISTIQUE>GG8</NOM_CARACTERISTIQUE>
   <STATUS>1</STATUS>
   <GROUPE>LCDV</GROUPE>
   <AUTORISATION />
   <DATE_DEBUT_VALIDITE>00000000</DATE_DEBUT_VALIDITE>
   <FICHE_MODIFICATION />
   <DEC_PSA>63515</DEC_PSA>
   <BLOCAGE_DESIGNATION>X</BLOCAGE_DESIGNATION>
   <MARQUAGE_RHN />
   <MARQUAGE_LCDV>X</MARQUAGE_LCDV>
   <TYPE_CARACTERISTIQUE />
   <NATURE_CARACTERISTIQUE>A</NATURE_CARACTERISTIQUE>
   <TEXTE>
      <LANGUE>EN</LANGUE>
      <DESIGNATION>PROGRAM COUNTRY (ICP)</DESIGNATION>
   </TEXTE>
   <TEXTE>
      <LANGUE>FR</LANGUE>
      <DESIGNATION>PAYS PROGRAMME (ICP)</DESIGNATION>
   </TEXTE>
   <TEXTE>
      <LANGUE>Z1</LANGUE>
      <DESIGNATION>GROUPANTE8</DESIGNATION>
   </TEXTE>
   <VALEUR_CARACTERISTIQUE>
      <NOM_VALEUR>CA</NOM_VALEUR>
      <MARQUAGE_INTERDIT_NEW_UTIL />
      <TEXTE>
         <LANGUE>EN</LANGUE>
         <DESIGNATION>BRAVOS</DESIGNATION>
      </TEXTE>
      <TEXTE>
         <LANGUE>FR</LANGUE>
         <DESIGNATION>BRAVOS</DESIGNATION>
      </TEXTE>
   </VALEUR_CARACTERISTIQUE>
    </CARACTERISTIQUES>
  </DICTIONNAIRE_GENERAL>
		</DICTIONNAIRE>
        <ctx:Contexte>
          <ctx:Extraction>JOURNALIER</ctx:Extraction>
          <ctx:Periode>JOUR</ctx:Periode>
        </ctx:Contexte>
      </env:Parameters>
    </env:Action>
  </SOAP-ENV:Body>

</SOAP-ENV:Envelope>