<?xml version="1.0" encoding="UTF-8"?>
<wltp_marketing>
<file_id>TME0001</file_id>
<request_date>2018-04-18-17-30-12</request_date>
<request>
	<number>TME123</number>
    <version>1PT9A5LMAKB0A0C2</version>
    <color>P0WP67FX</color>
    <nb_options>02</nb_options>
    <options></options>
    <country>CL</country>
    <extension_date></extension_date>
    <request_type>FULL</request_type>
</request>
<request>
	<number>TME124</number>
    <version>1PT9A5LMAKB0A0C2</version>
    <color>P0WP67FX</color>
    <nb_options>02</nb_options>
    <options></options>
    <country>CL</country>
    <extension_date></extension_date>
    <request_type>FULL</request_type>
</request>
</wltp_marketing>