[
  {
    "guid": "baf4ca04-987a-4ccc-b536-25ae85ca737d",
    "status": "validated",
    "blocked": true,
    "T8C": "AB",
    "T8D": 36,
    "designation": "IP-02-VF7-2018-1315",
    "vehicleFamily": "ABCD",
    "motorB0F": "MF",
    "boite": "ABC",
    "vehicleType": "VBSDC",
    "pmax": 1.12,
    "motorDKC": "WAEE232"
  },
  {
    "guid": "1dc75f3a-fcf9-4ed6-b39c-d677cb185cae",
    "status": "validated",
    "blocked": false,
    "T8C": "AB",
    "T8D": 37,
    "designation": "IP-02-xxx-2017-1431",
    "vehicleFamily": "ABCD",
    "motorB0F": "MF",
    "boite": "ABC",
    "vehicleType": "VBSDC",
    "pmax": 1.12,
    "motorDKC": "WAEE232"
  },
  {
    "guid": "edb989df-9029-4602-81eb-94559daf1e1d",
    "status": "checked",
    "blocked": true,
    "T8C": "AB",
    "T8D": 44,
    "designation": "IP-02-VF3-2017-2120",
    "vehicleFamily": "2ZU9",
    "motorB0F": "CC",
    "boite": "ABC",
    "vehicleType": "VBSDC",
    "pmax": 1.12,
    "motorDKC": "WAEE232"
  },
  {
    "guid": "c820e8d7-eb60-4cb5-9155-d836c4014d0e",
    "status": "validated",
    "blocked": true,
    "T8C": "AB",
    "T8D": 73,
    "designation": "IP-02-VF7-2018-1315",
    "vehicleFamily": "ZZK0",
    "motorB0F": "LL",
    "boite": "ABC",
    "vehicleType": "VBSDC",
    "pmax": 1.12,
    "motorDKC": "WAEE232"
  },
  {
    "guid": "72948fde-d06b-4b96-a0f6-0e92d00c5ded",
    "status": "checked",
    "blocked": false,
    "T8C": "AB",
    "T8D": 11,
    "designation": "IP-02-VF3-2017-2540",
    "vehicleFamily": "ZZK0",
    "motorB0F": "NK",
    "boite": "ABC",
    "vehicleType": "VBSDC",
    "pmax": 1.12,
    "motorDKC": "WAEE232"
  },
  {
    "guid": "ff6dcefd-cb93-478c-ae58-f3c649db1ce8",
    "status": "validated",
    "blocked": true,
    "T8C": "AB",
    "T8D": 90,
    "designation": "IP-02-VF7-2018-1315",
    "vehicleFamily": "ZZK0",
    "motorB0F": "MF",
    "boite": "ABC",
    "vehicleType": "VBSDC",
    "pmax": 1.12,
    "motorDKC": "WAEE232"
  },
  {
    "guid": "d983e9d2-28a1-4ca6-a3d8-6338ef1030ea",
    "status": "validated",
    "blocked": false,
    "T8C": "AB",
    "T8D": 39,
    "designation": "IP-02-xxx-2017-1431",
    "vehicleFamily": "ZZK0",
    "motorB0F": "CC",
    "boite": "ABC",
    "vehicleType": "VBSDC",
    "pmax": 1.12,
    "motorDKC": "WAEE232"
  },
  {
    "guid": "ab76414e-238e-40ec-ad11-447140abb73f",
    "status": "checked",
    "blocked": true,
    "T8C": "AB",
    "T8D": 95,
    "designation": "IP-02-xxx-2017-1431",
    "vehicleFamily": "ABCD",
    "motorB0F": "NK",
    "boite": "ABC",
    "vehicleType": "VBSDC",
    "pmax": 1.12,
    "motorDKC": "WAEE232"
  },
  {
    "guid": "17114e0e-efae-48b2-a5d0-0af67a05cae1",
    "status": "inWork",
    "blocked": false,
    "T8C": "AB",
    "T8D": 31,
    "designation": "IP-02-VF7-2018-1315",
    "vehicleFamily": "ABCD",
    "motorB0F": "LL",
    "boite": "ABC",
    "vehicleType": "VBSDC",
    "pmax": 1.12,
    "motorDKC": "WAEE232"
  },
  {
    "guid": "d9bff183-81ca-4b18-a431-3709ff88e7ca",
    "status": "validated",
    "blocked": true,
    "T8C": "AB",
    "T8D": 66,
    "designation": "IP-02-VF7-2018-1315",
    "vehicleFamily": "2ZU9",
    "motorB0F": "MF",
    "boite": "ABC",
    "vehicleType": "VBSDC",
    "pmax": 1.12,
    "motorDKC": "WAEE232"
  },
  {
    "guid": "641cad15-e390-4a21-a0fb-9cf2dede7b44",
    "status": "inWork",
    "blocked": true,
    "T8C": "AB",
    "T8D": 31,
    "designation": "IP-02-xxx-2017-1431",
    "vehicleFamily": "ZZK0",
    "motorB0F": "NK",
    "boite": "ABC",
    "vehicleType": "VBSDC",
    "pmax": 1.12,
    "motorDKC": "WAEE232"
  },
  {
    "guid": "9dfe7720-039a-49c3-bd23-7c7dd29fdfc1",
    "status": "checked",
    "blocked": true,
    "T8C": "AB",
    "T8D": 93,
    "designation": "IP-02-VF3-2017-2540",
    "vehicleFamily": "2ZU9",
    "motorB0F": "MF",
    "boite": "ABC",
    "vehicleType": "VBSDC",
    "pmax": 1.12,
    "motorDKC": "WAEE232"
  },
  {
    "guid": "5b1ca552-7d2b-4e83-b65d-5f3eedb7296d",
    "status": "validated",
    "blocked": true,
    "T8C": "AB",
    "T8D": 63,
    "designation": "IP-02-VF3-2017-2540",
    "vehicleFamily": "ZZK0",
    "motorB0F": "MF",
    "boite": "ABC",
    "vehicleType": "VBSDC",
    "pmax": 1.12,
    "motorDKC": "WAEE232"
  },
  {
    "guid": "01b56a47-a798-473b-b0fd-4bb39cb4220f",
    "status": "checked",
    "blocked": true,
    "T8C": "AB",
    "T8D": 48,
    "designation": "IP-ZKX____REDU5760-VR3-0",
    "vehicleFamily": "2CK0",
    "motorB0F": "NK",
    "boite": "ABC",
    "vehicleType": "VBSDC",
    "pmax": 1.12,
    "motorDKC": "WAEE232"
  },
  {
    "guid": "26e9e0b4-9de3-41f6-b0aa-310c613acb30",
    "status": "checked",
    "blocked": false,
    "T8C": "AB",
    "T8D": 40,
    "designation": "IP-ZKX____REDU5760-VR3-0",
    "vehicleFamily": "2ZU9",
    "motorB0F": "CC",
    "boite": "ABC",
    "vehicleType": "VBSDC",
    "pmax": 1.12,
    "motorDKC": "WAEE232"
  },
  {
    "guid": "6c6a9b40-8b65-4ad3-be8f-4ed85c134eec",
    "status": "validated",
    "blocked": true,
    "T8C": "AB",
    "T8D": 73,
    "designation": "IP-ZKX____REDU5760-VR3-0",
    "vehicleFamily": "2CK0",
    "motorB0F": "MF",
    "boite": "ABC",
    "vehicleType": "VBSDC",
    "pmax": 1.12,
    "motorDKC": "WAEE232"
  },
  {
    "guid": "5f6c7aba-7409-4643-be24-9ba4e8b5ee06",
    "status": "validated",
    "blocked": true,
    "T8C": "AB",
    "T8D": 73,
    "designation": "IP-02-VF7-2018-1315",
    "vehicleFamily": "2CK0",
    "motorB0F": "LL",
    "boite": "ABC",
    "vehicleType": "VBSDC",
    "pmax": 1.12,
    "motorDKC": "WAEE232"
  },
  {
    "guid": "6006805f-20a2-4b21-b2f0-cf8661987e82",
    "status": "validated",
    "blocked": false,
    "T8C": "AB",
    "T8D": 19,
    "designation": "IP-ZKX____REDU5760-VR3-0",
    "vehicleFamily": "2ZU9",
    "motorB0F": "MF",
    "boite": "ABC",
    "vehicleType": "VBSDC",
    "pmax": 1.12,
    "motorDKC": "WAEE232"
  },
  {
    "guid": "b04fcf07-909d-4863-beaa-5f94131ba936",
    "status": "validated",
    "blocked": false,
    "T8C": "AB",
    "T8D": 22,
    "designation": "IP-02-VF3-2017-2540",
    "vehicleFamily": "ABCD",
    "motorB0F": "CC",
    "boite": "ABC",
    "vehicleType": "VBSDC",
    "pmax": 1.12,
    "motorDKC": "WAEE232"
  },
  {
    "guid": "788692a2-7526-429c-a735-9d51fb7a7d8e",
    "status": "validated",
    "blocked": false,
    "T8C": "AB",
    "T8D": 36,
    "designation": "IP-02-VF3-2017-2120",
    "vehicleFamily": "2ZU9",
    "motorB0F": "CC",
    "boite": "ABC",
    "vehicleType": "VBSDC",
    "pmax": 1.12,
    "motorDKC": "WAEE232"
  },
  {
    "guid": "c4138daa-1018-4c67-9a4c-529913c44163",
    "status": "inWork",
    "blocked": false,
    "T8C": "AB",
    "T8D": 21,
    "designation": "IP-02-VF3-2017-2120",
    "vehicleFamily": "ABCD",
    "motorB0F": "MF",
    "boite": "ABC",
    "vehicleType": "VBSDC",
    "pmax": 1.12,
    "motorDKC": "WAEE232"
  },
  {
    "guid": "25d0aa02-3e41-4a3d-9af3-cf75be81e61a",
    "status": "inWork",
    "blocked": false,
    "T8C": "AB",
    "T8D": 19,
    "designation": "IP-02-VF3-2017-2540",
    "vehicleFamily": "ABCD",
    "motorB0F": "CC",
    "boite": "ABC",
    "vehicleType": "VBSDC",
    "pmax": 1.12,
    "motorDKC": "WAEE232"
  },
  {
    "guid": "e5ebbfc3-6d5b-437d-b1a2-343f4f12b0e4",
    "status": "inWork",
    "blocked": false,
    "T8C": "AB",
    "T8D": 66,
    "designation": "IP-4HA____ML6_8223-VF3-0",
    "vehicleFamily": "ABCD",
    "motorB0F": "CC",
    "boite": "ABC",
    "vehicleType": "VBSDC",
    "pmax": 1.12,
    "motorDKC": "WAEE232"
  },
  {
    "guid": "25aa448c-c8a3-4ff8-af23-6ff0ffdf73f1",
    "status": "checked",
    "blocked": false,
    "T8C": "AB",
    "T8D": 70,
    "designation": "IP-ZKX____REDU5760-VR3-0",
    "vehicleFamily": "ABCD",
    "motorB0F": "NK",
    "boite": "ABC",
    "vehicleType": "VBSDC",
    "pmax": 1.12,
    "motorDKC": "WAEE232"
  },
  {
    "guid": "88e5c49b-b287-4d04-a092-85c3fcf4aaca",
    "status": "inWork",
    "blocked": true,
    "T8C": "AB",
    "T8D": 62,
    "designation": "IP-4HA____ML6_8223-VF3-0",
    "vehicleFamily": "ZZK0",
    "motorB0F": "NK",
    "boite": "ABC",
    "vehicleType": "VBSDC",
    "pmax": 1.12,
    "motorDKC": "WAEE232"
  },
  {
    "guid": "4811ad5a-165e-4077-a608-bb0ccb512592",
    "status": "validated",
    "blocked": false,
    "T8C": "AB",
    "T8D": 76,
    "designation": "IP-ZKX____REDU5760-VR3-0",
    "vehicleFamily": "ABCD",
    "motorB0F": "LL",
    "boite": "ABC",
    "vehicleType": "VBSDC",
    "pmax": 1.12,
    "motorDKC": "WAEE232"
  },
  {
    "guid": "baaa42c9-eafa-421d-aa2a-75a78d773f30",
    "status": "validated",
    "blocked": true,
    "T8C": "AB",
    "T8D": 50,
    "designation": "IP-02-VF3-2017-2540",
    "vehicleFamily": "ABCD",
    "motorB0F": "MF",
    "boite": "ABC",
    "vehicleType": "VBSDC",
    "pmax": 1.12,
    "motorDKC": "WAEE232"
  },
  {
    "guid": "4547ca1a-69a2-405a-b03c-c3370b5368ed",
    "status": "checked",
    "blocked": true,
    "T8C": "AB",
    "T8D": 23,
    "designation": "IP-02-VF7-2018-1315",
    "vehicleFamily": "ABCD",
    "motorB0F": "LL",
    "boite": "ABC",
    "vehicleType": "VBSDC",
    "pmax": 1.12,
    "motorDKC": "WAEE232"
  },
  {
    "guid": "da722bbc-70be-4390-adb4-e0fd59008625",
    "status": "validated",
    "blocked": false,
    "T8C": "AB",
    "T8D": 12,
    "designation": "IP-02-VF7-2018-1315",
    "vehicleFamily": "2CK0",
    "motorB0F": "NK",
    "boite": "ABC",
    "vehicleType": "VBSDC",
    "pmax": 1.12,
    "motorDKC": "WAEE232"
  },
  {
    "guid": "e31735cf-9ee4-479a-acc5-836bed40d753",
    "status": "checked",
    "blocked": true,
    "T8C": "AB",
    "T8D": 72,
    "designation": "IP-02-VF3-2017-2120",
    "vehicleFamily": "ZZK0",
    "motorB0F": "NK",
    "boite": "ABC",
    "vehicleType": "VBSDC",
    "pmax": 1.12,
    "motorDKC": "WAEE232"
  }
]