<?xml version="1.0"?>
<configuration>
    <appender name="STDOUT" class="ch.qos.logback.core.ConsoleAppender">
        <encoder>
            <pattern>%d{yyyy-MM-dd' 'HH:mm:ss.SSS} [%thread] %-5level %logger{36} - %msg%n</pattern>
        </encoder>
    </appender>

    <appender name="FILE" class="ch.qos.logback.core.FileAppender">
        <file>c:/temp/w7t00_wltp_ihm-web_as/logs/wltp-ihm.log</file>
        <encoder class="ch.qos.logback.classic.encoder.PatternLayoutEncoder">
            <pattern>%d{yyyy-MM-dd' 'HH:mm:ss.SSS} [%thread] %-5level %logger{36} - %msg%n</pattern>
        </encoder>
    </appender>

    <root level="INFO">
        <appender-ref ref="FILE" />
    </root>

    <logger name="com.inetpsa.w7t" additivity="false" level="DEBUG">
        <appender-ref ref="FILE" />
    </logger>
    <logger name="com.inetpsa.w7t" additivity="false" level="WARN">
        <appender-ref ref="STDOUT" />
        <appender-ref ref="FILE" />
    </logger>
</configuration>
